,Y18,t1,t2,t3,t4,t5,h1,h2,h3,h4,h5,r1_time_fin,r2_time_fin,r3_time_fin,r4_time_fin,r5_time_fin,s1_time_fin,s5_time_fin,sp1,sp2,sp3,sp4,sp5,ws1,ws2,ws3,ws4,ws5
4320,20.5,19.3,20.8,21.0,18.0,18.7,93.2,87.0,87.6,84.0,77.6,0.0,0.0,0.0,0.0,0.0,0.0,0.0,1007.7,1007.8,1007.4,1008.2,1008.3,0.9,2.2,0.5,1.1,0.0
4321,20.5,19.0,20.6,20.7,17.7,19.0,93.7,89.2,86.4,84.4,79.2,0.0,0.0,0.0,0.0,0.0,0.0,0.0,1007.7,1007.8,1007.4,1008.2,1008.3,1.9,2.2,0.1,0.4,0.1
4322,20.5,19.1,20.5,20.7,17.4,19.2,93.6,89.2,85.7,84.9,79.9,0.0,0.0,0.0,0.0,0.0,0.0,0.0,1007.8,1007.9,1007.4,1008.2,1008.3,2.0,1.4,0.0,0.1,0.0
4323,20.5,19.2,20.5,20.6,17.5,19.3,93.7,89.8,85.1,84.9,80.7,0.0,0.0,0.0,0.0,0.0,0.0,0.0,1007.9,1007.9,1007.5,1008.2,1008.4,1.8,1.5,0.0,0.0,0.0
4324,20.5,19.2,20.5,20.5,17.4,19.5,93.9,89.7,84.9,84.9,80.9,0.0,0.0,0.0,0.0,0.0,0.0,0.0,1007.9,1007.8,1007.6,1008.3,1008.4,1.4,1.4,0.0,0.0,0.0
4325,20.5,19.0,20.4,20.5,17.4,19.6,94.0,90.4,84.9,85.2,81.3,0.0,0.0,0.0,0.0,0.0,0.0,0.0,1007.8,1008.0,1007.7,1008.3,1008.4,1.5,1.2,0.3,0.0,0.0
4326,20.5,19.1,20.3,20.5,17.3,19.8,93.9,90.2,83.6,85.2,80.8,0.0,0.0,0.0,0.0,0.0,0.0,0.0,1007.8,1008.0,1007.7,1008.3,1008.3,1.2,1.0,0.1,0.0,0.6
4327,20.5,19.3,20.4,20.5,17.3,19.7,94.3,88.9,84.0,85.2,80.8,0.0,0.0,0.0,0.0,0.0,0.0,0.0,1007.8,1008.0,1007.6,1008.4,1008.4,0.7,0.6,0.0,0.0,0.8
4328,20.5,19.1,20.4,20.5,17.5,19.7,94.6,89.7,83.9,85.3,80.6,0.0,0.0,0.0,0.0,0.0,0.0,0.0,1007.7,1008.0,1007.5,1008.3,1008.4,2.7,0.1,0.7,0.0,0.7
4329,20.5,18.8,20.4,20.3,17.4,19.6,93.6,91.2,85.1,85.0,80.9,0.0,0.0,0.0,0.0,0.0,0.0,0.0,1007.6,1008.0,1007.5,1008.3,1008.4,1.2,0.8,0.8,0.0,0.7
4330,20.5,18.8,20.4,20.2,17.5,19.5,93.0,91.5,85.6,85.0,81.7,0.0,0.0,0.0,0.0,0.0,0.0,0.0,1007.6,1007.8,1007.4,1008.2,1008.4,2.0,0.6,0.8,0.3,0.9
4331,20.5,18.6,20.4,20.1,17.3,19.4,92.6,93.1,86.1,84.9,82.3,0.0,0.0,0.0,0.0,0.0,0.0,0.0,1007.6,1007.8,1007.3,1008.2,1008.3,1.2,0.8,0.7,0.5,0.1
4332,20.5,18.2,20.4,20.0,17.1,19.5,93.4,94.0,86.0,84.9,83.2,0.0,0.0,0.0,0.0,0.0,0.0,0.0,1007.5,1007.7,1007.3,1008.0,1008.2,1.4,1.3,0.5,0.1,0.0
4333,20.5,18.0,20.4,19.8,17.4,19.6,94.2,95.3,86.0,85.1,83.5,0.0,0.0,0.0,0.0,0.0,0.0,0.0,1007.4,1007.8,1007.3,1008.0,1008.2,1.8,1.0,0.7,0.0,0.0
4334,20.5,18.0,20.4,19.7,17.1,19.6,93.8,96.0,85.7,85.2,84.2,0.0,0.0,0.0,0.0,0.0,0.0,0.0,1007.2,1007.8,1007.2,1008.0,1008.3,0.5,0.7,0.6,0.0,0.0
4335,20.5,17.7,20.4,19.7,16.8,19.6,93.8,96.4,85.6,85.1,84.6,0.0,0.0,0.0,0.0,0.0,0.0,0.0,1007.0,1007.8,1007.1,1007.9,1008.4,0.2,0.8,0.1,0.3,0.0
4336,20.0,17.8,20.3,19.7,16.7,19.7,94.3,96.5,85.3,85.4,84.7,0.0,0.0,0.0,0.0,0.0,0.0,0.0,1007.1,1007.9,1007.1,1007.9,1008.2,0.8,0.4,0.9,1.1,0.0
4337,20.0,17.6,20.2,19.7,16.7,19.7,94.7,97.0,84.2,85.8,84.4,0.0,0.0,0.0,0.0,0.0,0.0,0.0,1007.2,1007.9,1007.2,1007.9,1008.0,1.1,0.8,0.7,0.8,0.0
4338,20.0,17.4,20.1,19.7,16.6,19.6,94.6,97.2,83.9,86.4,84.2,0.0,0.0,0.0,0.0,0.0,0.0,0.0,1007.3,1007.7,1007.2,1007.8,1007.9,1.1,0.0,0.0,0.5,0.0
4339,19.5,17.4,20.0,19.8,16.4,19.3,94.9,97.9,84.7,86.8,83.8,0.0,0.0,0.0,0.0,0.0,0.0,0.0,1007.5,1007.6,1007.4,1007.7,1008.0,0.5,0.6,0.6,0.3,0.1
4340,19.0,17.4,19.9,19.7,16.6,19.2,95.2,97.9,84.3,87.2,84.3,0.0,0.0,0.0,0.0,0.0,0.0,0.0,1007.6,1007.6,1007.5,1007.8,1008.0,0.6,0.7,0.0,0.7,0.0
4341,19.0,17.2,19.9,19.7,16.6,19.1,95.2,97.9,85.1,87.4,84.4,0.0,0.0,0.0,0.0,0.0,0.0,0.0,1007.6,1007.6,1007.7,1008.0,1008.0,0.4,1.1,0.6,0.8,0.0
4342,19.0,17.4,19.9,19.6,16.6,19.0,95.4,97.9,85.0,87.7,84.4,0.0,0.0,0.0,0.0,0.0,0.0,0.0,1007.6,1007.7,1007.7,1008.0,1008.1,0.2,0.5,0.0,0.0,0.0
4343,19.0,17.2,19.9,19.6,16.8,19.0,95.6,97.9,85.8,87.9,85.1,0.0,0.0,0.0,0.0,0.0,0.0,0.0,1007.7,1007.7,1007.6,1008.1,1008.2,0.5,0.8,0.1,0.2,0.1
4344,19.0,17.1,19.9,19.3,16.9,18.9,95.5,97.9,85.2,87.8,85.8,0.0,0.0,0.0,0.0,0.0,0.0,0.0,1007.7,1007.7,1007.6,1008.2,1008.3,0.5,0.3,0.8,0.7,0.0
4345,19.0,17.0,19.9,19.5,16.9,18.9,95.2,97.9,85.7,87.6,86.1,0.0,0.0,0.0,0.0,0.0,0.0,0.0,1007.8,1007.8,1007.6,1008.1,1008.4,1.1,0.3,0.5,0.2,0.0
4346,19.0,17.0,19.9,19.5,16.8,18.9,95.1,97.9,85.3,87.8,86.1,0.0,0.0,0.0,0.0,0.0,0.0,0.0,1007.8,1007.8,1007.7,1008.3,1008.5,1.2,0.7,0.0,0.7,0.0
4347,19.0,16.9,19.8,19.7,16.6,18.9,95.4,97.9,86.4,88.2,85.9,0.0,0.0,0.0,0.0,0.0,0.0,0.0,1007.9,1008.0,1007.8,1008.3,1008.4,1.0,0.9,0.6,0.0,0.3
4348,19.0,16.7,19.6,19.7,16.6,18.9,95.4,97.9,86.9,88.5,85.7,0.0,0.0,0.0,0.0,0.0,0.0,0.0,1007.9,1008.1,1007.8,1008.3,1008.4,0.9,1.7,0.6,0.3,0.0
4349,19.0,16.5,19.5,19.8,16.7,18.9,95.7,97.9,86.4,88.8,85.5,0.0,0.0,0.0,0.0,0.0,0.0,0.0,1007.8,1008.1,1007.9,1008.3,1008.5,0.3,0.0,0.6,0.0,0.1
4350,19.0,16.8,19.4,19.7,16.8,18.9,95.7,97.9,86.7,89.2,85.7,0.0,0.0,0.0,0.0,0.0,0.0,0.0,1007.8,1008.1,1007.8,1008.4,1008.6,0.4,0.3,0.0,0.0,0.1
4351,19.0,16.8,19.4,19.8,17.0,19.0,95.8,97.9,85.1,89.5,85.6,0.0,0.0,0.0,0.0,0.0,0.0,0.0,1007.8,1008.0,1007.9,1008.4,1008.6,0.6,0.6,0.1,0.1,0.0
4352,18.5,16.8,19.3,20.1,17.1,19.0,95.8,97.9,85.8,90.1,83.3,0.0,0.0,0.0,0.0,0.0,0.0,0.0,1007.8,1008.1,1008.0,1008.5,1008.7,1.1,0.7,0.3,0.3,0.8
4353,18.5,16.8,19.2,20.2,17.3,19.0,95.7,97.9,85.8,90.6,82.6,0.0,0.0,0.0,0.0,0.0,0.0,0.0,1007.8,1008.1,1007.9,1008.5,1008.6,1.4,0.6,0.8,0.0,0.2
4354,19.0,16.8,19.2,20.2,17.4,19.0,95.7,97.9,85.8,90.9,83.2,0.0,0.0,0.0,0.0,0.0,0.01,0.01,1007.8,1008.2,1007.9,1008.5,1008.6,0.3,0.0,0.6,0.1,0.3
4355,19.0,16.8,19.3,20.2,17.5,19.1,95.2,97.9,85.3,90.3,82.1,0.0,0.0,0.0,0.0,0.0,0.01,0.01,1007.9,1008.2,1007.9,1008.4,1008.5,0.9,1.4,0.0,0.3,1.1
4356,19.5,17.3,19.3,20.2,17.7,19.2,95.0,97.9,84.7,90.3,81.5,0.0,0.0,0.0,0.0,0.0,0.03,0.02,1007.8,1008.2,1007.9,1008.4,1008.6,0.7,0.4,0.7,0.1,1.4
4357,19.5,17.5,19.4,20.3,18.1,19.3,94.6,97.9,84.2,89.8,81.9,0.0,0.0,0.0,0.0,0.0,0.020000000000000004,0.02,1007.7,1008.2,1007.7,1008.5,1008.6,0.2,1.4,0.5,0.3,0.8
4358,20.0,17.7,19.5,20.3,18.3,19.4,92.7,97.9,83.4,89.3,81.1,0.0,0.0,0.0,0.0,0.0,0.04,0.03,1007.7,1008.2,1007.7,1008.5,1008.6,0.2,1.0,0.0,0.6,0.7
4359,20.0,18.0,19.6,20.3,18.5,19.5,90.0,97.2,82.5,89.2,82.0,0.0,0.0,0.0,0.0,0.0,0.06999999999999999,0.040000000000000015,1007.6,1008.3,1007.7,1008.4,1008.8,0.4,1.4,0.3,0.8,0.7
4360,20.5,18.2,19.7,20.1,18.7,19.5,89.3,95.5,83.3,88.4,83.1,0.0,0.0,0.0,0.0,0.0,0.09000000000000002,0.040000000000000015,1007.6,1008.3,1007.7,1008.4,1008.8,0.3,1.7,0.8,0.3,0.9
4361,20.5,18.6,19.9,19.8,19.1,19.8,87.6,93.6,82.7,87.8,84.5,0.0,0.0,0.0,0.0,0.0,0.07,0.06999999999999998,1007.5,1008.3,1007.4,1008.5,1008.8,0.0,2.0,1.0,0.3,0.4
4362,21.0,18.9,20.0,20.1,19.4,20.1,85.5,93.0,80.6,87.3,84.1,0.0,0.0,0.0,0.0,0.0,0.09999999999999998,0.08000000000000003,1007.6,1008.3,1007.3,1008.3,1008.8,0.1,2.5,0.8,0.5,0.9
4363,21.5,18.9,20.3,20.2,19.5,20.1,83.4,91.6,79.4,86.6,83.9,0.0,0.0,0.0,0.0,0.0,0.12000000000000005,0.12,1007.6,1008.3,1007.4,1008.2,1008.7,0.3,1.5,0.5,0.0,1.1
4364,22.0,19.4,20.6,20.2,19.9,20.4,82.8,90.1,78.1,84.3,83.1,0.0,0.0,0.0,0.0,0.0,0.12,0.19,1007.8,1008.1,1007.6,1008.3,1008.8,0.4,1.8,1.1,0.4,0.3
4365,23.5,20.2,20.9,20.2,19.8,20.6,83.1,85.7,75.8,82.5,83.3,0.0,0.0,0.0,0.0,0.0,0.11,0.21,1008.0,1008.2,1007.8,1008.3,1008.8,0.4,1.3,0.9,0.4,1.3
4366,24.5,20.3,21.3,20.2,20.3,21.1,81.6,84.8,74.8,82.2,83.2,0.0,0.0,0.0,0.0,0.0,0.06999999999999995,0.2300000000000001,1008.1,1008.1,1007.8,1008.3,1008.8,1.0,0.5,1.1,0.3,1.7
4367,25.5,20.3,21.4,20.3,20.6,21.3,81.1,85.5,73.3,80.2,82.9,0.0,0.0,0.0,0.0,0.0,0.06000000000000005,0.23,1008.2,1008.1,1007.8,1008.5,1008.8,0.6,0.5,1.5,1.9,1.7
4368,27.0,20.9,21.6,20.6,20.8,20.7,78.2,81.7,75.2,79.5,82.6,0.0,0.0,0.0,0.0,0.0,0.07999999999999996,0.24,1008.4,1008.3,1007.9,1008.6,1008.8,0.0,1.9,0.8,1.0,1.2
4369,28.5,21.4,22.3,20.8,21.1,21.2,77.9,78.9,74.6,78.0,80.9,0.0,0.0,0.0,0.0,0.0,0.1399999999999999,0.31000000000000005,1008.3,1008.3,1008.0,1008.7,1008.8,0.3,1.3,1.2,0.3,0.8
4370,28.0,21.6,22.2,21.0,21.6,21.3,74.8,76.3,73.7,76.4,79.5,0.0,0.0,0.0,0.0,0.0,0.15000000000000013,0.1399999999999999,1008.4,1008.5,1007.9,1008.8,1008.7,0.7,0.5,1.6,0.5,1.2
4371,27.0,22.0,22.1,21.5,21.6,21.3,75.2,76.2,73.6,76.2,79.0,0.0,0.0,0.0,0.0,0.0,0.1499999999999999,0.15000000000000013,1008.5,1008.5,1007.9,1008.8,1008.6,0.0,1.4,0.8,2.1,1.3
4372,26.0,21.6,22.2,21.2,22.6,21.4,69.1,74.0,72.8,76.4,78.7,0.0,0.0,0.0,0.0,0.0,0.1100000000000001,0.11999999999999965,1008.3,1008.3,1007.9,1008.6,1008.6,0.0,0.7,0.9,1.3,0.5
4373,25.5,22.5,22.4,21.6,22.1,21.8,71.7,71.4,71.8,76.0,76.5,0.0,0.0,0.0,0.0,0.0,0.1399999999999999,0.18000000000000016,1008.3,1008.3,1007.8,1008.5,1008.6,0.0,1.3,2.3,2.6,1.0
4374,25.5,22.3,22.4,21.6,21.7,21.7,72.2,73.1,69.5,76.1,77.3,0.0,0.0,0.0,0.0,0.0,0.1100000000000001,0.18999999999999995,1008.2,1008.2,1007.6,1008.4,1008.6,1.8,0.6,2.3,1.5,0.6
4375,25.0,22.2,22.3,21.9,21.7,21.8,73.2,71.7,68.9,76.1,75.6,0.0,0.0,0.0,0.0,0.0,0.18999999999999995,0.16000000000000014,1008.0,1008.3,1007.7,1008.4,1008.5,1.5,0.3,1.3,1.9,1.7
4376,25.5,23.0,22.4,22.3,21.9,22.2,73.7,67.9,67.7,76.4,72.1,0.0,0.0,0.0,0.0,0.0,0.22,0.18999999999999995,1007.8,1008.2,1007.7,1008.4,1008.5,0.2,1.6,1.4,0.1,1.2
4377,25.5,24.1,22.6,22.7,22.1,23.0,71.9,65.7,64.5,76.2,70.5,0.0,0.0,0.0,0.0,0.0,0.2400000000000002,0.21,1007.8,1008.0,1007.5,1008.4,1008.5,0.0,1.0,0.9,0.7,0.6
4378,25.5,23.5,23.0,23.0,22.5,22.5,69.7,66.5,64.0,74.8,69.6,0.0,0.0,0.0,0.0,0.0,0.19999999999999973,0.2400000000000002,1007.9,1008.2,1007.4,1008.4,1008.5,0.0,0.7,1.4,1.0,1.7
4379,26.0,23.3,23.0,23.3,22.3,22.2,70.6,66.5,65.2,74.5,67.3,0.0,0.0,0.0,0.0,0.0,0.29000000000000004,0.23,1008.0,1008.1,1007.6,1008.5,1008.5,1.8,1.8,1.4,1.4,1.2
4380,26.0,23.7,23.1,23.8,22.7,22.8,69.8,66.4,64.6,74.8,65.1,0.0,0.0,0.0,0.0,0.0,0.3000000000000003,0.23,1007.9,1008.2,1007.7,1008.5,1008.5,1.0,1.0,1.7,1.1,0.9
4381,27.0,23.6,23.1,23.7,23.1,23.5,68.4,63.8,62.3,73.4,64.9,0.0,0.0,0.0,0.0,0.0,0.21999999999999972,0.2200000000000002,1007.8,1007.9,1007.6,1008.4,1008.4,0.0,1.4,0.5,1.4,1.4
4382,27.5,24.5,23.4,23.5,22.7,23.8,69.0,61.7,63.3,72.6,63.2,0.0,0.0,0.0,0.0,0.0,0.26000000000000023,0.2399999999999993,1007.9,1007.9,1007.5,1008.6,1008.5,0.0,0.0,0.8,1.8,1.4
4383,27.5,24.7,23.6,24.1,22.6,24.1,68.5,63.1,61.7,71.1,62.8,0.0,0.0,0.0,0.0,0.0,0.27,0.3200000000000003,1007.8,1007.9,1007.5,1008.4,1008.4,0.6,2.5,1.9,0.4,1.4
4384,28.5,24.2,23.9,24.1,23.0,24.3,67.3,63.6,59.0,70.8,62.6,0.0,0.0,0.0,0.0,0.0,0.34999999999999964,0.3600000000000003,1007.8,1007.9,1007.6,1008.5,1008.3,1.5,1.9,0.8,2.3,0.6
4385,30.0,24.3,24.2,24.5,22.9,23.5,67.6,64.0,62.0,68.1,59.8,0.0,0.0,0.0,0.0,0.0,0.3100000000000005,0.4399999999999995,1007.8,1007.9,1007.6,1008.3,1008.2,0.4,2.1,0.9,0.5,1.3
4386,29.5,23.8,24.7,24.2,24.1,24.7,66.0,66.2,56.9,66.8,62.1,0.0,0.0,0.0,0.0,0.0,0.21,0.4400000000000004,1007.6,1007.8,1007.4,1008.1,1008.1,0.3,1.1,1.2,0.3,1.3
4387,29.5,23.9,24.8,24.3,23.6,24.8,66.6,66.5,58.6,67.2,61.1,0.0,0.0,0.0,0.0,0.0,0.21,0.29000000000000004,1007.6,1007.7,1007.2,1008.1,1008.0,0.7,1.2,0.8,1.8,1.4
4388,29.0,24.0,24.4,24.3,23.3,25.2,65.4,66.1,58.3,64.9,60.5,0.0,0.0,0.0,0.0,0.0,0.25,0.2599999999999998,1007.4,1007.6,1007.1,1007.9,1008.0,0.1,0.1,1.0,2.3,1.5
4389,30.5,24.4,24.6,24.5,24.7,25.2,62.8,65.8,58.7,65.3,59.6,0.0,0.0,0.0,0.0,0.0,0.29000000000000004,0.29000000000000004,1007.2,1007.4,1007.0,1007.8,1008.0,0.1,1.7,2.1,1.9,1.2
4390,33.5,24.7,24.8,24.9,24.4,24.8,64.1,64.2,58.5,64.9,58.0,0.0,0.0,0.0,0.0,0.0,0.25,0.2999999999999998,1007.2,1007.4,1006.7,1007.8,1007.9,0.0,0.9,1.6,0.7,1.7
4391,35.5,25.1,25.0,25.3,24.1,25.3,62.9,60.1,56.3,63.2,57.0,0.0,0.0,0.0,0.0,0.0,0.2699999999999996,0.4000000000000004,1007.0,1007.3,1006.7,1007.8,1007.6,0.3,1.1,0.9,1.2,1.5
4392,35.0,25.1,25.4,25.5,24.9,25.6,60.1,61.6,55.1,62.0,57.6,0.0,0.0,0.0,0.0,0.0,0.3700000000000001,0.5699999999999994,1007.0,1007.0,1006.7,1007.7,1007.5,0.0,1.9,1.4,0.6,2.1
4393,36.0,25.5,25.6,26.5,25.5,25.7,59.5,59.4,57.4,60.5,53.5,0.0,0.0,0.0,0.0,0.0,0.6299999999999999,0.6600000000000001,1007.0,1006.7,1006.6,1007.4,1007.6,0.4,1.5,1.0,2.0,1.3
4394,37.0,25.5,26.1,26.3,25.6,25.5,57.8,59.4,56.0,60.0,52.9,0.0,0.0,0.0,0.0,0.0,0.5600000000000005,0.5899999999999999,1006.7,1006.6,1006.5,1007.1,1007.6,0.7,1.9,1.0,1.5,1.6
4395,37.5,26.0,26.6,26.6,26.2,25.4,55.7,56.3,57.1,59.4,53.2,0.0,0.0,0.0,0.0,0.0,0.6200000000000001,0.5500000000000007,1006.6,1006.6,1006.2,1007.1,1007.5,2.0,1.7,1.4,2.4,1.1
4396,38.0,26.6,26.4,26.6,25.6,25.9,58.1,54.8,55.5,59.6,52.8,0.0,0.0,0.0,0.0,0.0,0.6099999999999994,0.4000000000000004,1006.7,1006.6,1006.1,1007.1,1007.3,0.9,2.1,1.4,1.6,3.8
4397,37.0,26.3,26.4,27.3,26.2,27.2,56.5,56.5,53.4,60.0,50.2,0.0,0.0,0.0,0.0,0.0,0.6699999999999999,0.5499999999999989,1006.4,1006.4,1006.0,1007.0,1007.3,2.1,2.4,1.8,1.9,2.6
4398,37.5,25.7,26.7,27.3,25.6,26.6,57.2,56.2,54.0,58.6,52.1,0.0,0.0,0.0,0.0,0.0,0.6300000000000008,0.5700000000000003,1006.2,1006.3,1006.0,1006.9,1007.4,0.3,2.7,1.6,2.4,1.8
4399,37.0,25.5,27.0,26.7,26.2,26.2,57.0,56.9,55.0,59.5,51.7,0.0,0.0,0.0,0.0,0.0,0.5899999999999999,0.4399999999999995,1006.4,1006.3,1005.8,1006.9,1007.4,0.6,1.6,1.7,2.6,1.7
4400,36.5,26.4,27.4,27.3,26.1,26.8,56.9,56.0,54.6,57.5,51.5,0.0,0.0,0.0,0.0,0.0,0.5,0.6100000000000012,1006.2,1006.3,1005.8,1007.0,1007.3,0.4,2.6,3.3,2.4,0.9
4401,36.0,26.5,27.2,26.6,26.7,26.7,54.7,57.2,54.7,57.3,51.1,0.0,0.0,0.0,0.0,0.0,0.4399999999999995,0.4599999999999991,1006.3,1006.2,1005.7,1007.0,1007.2,0.4,0.3,1.1,1.4,2.3
4402,35.5,26.4,27.4,27.3,27.6,27.2,52.8,56.3,54.7,56.9,52.6,0.0,0.0,0.0,0.0,0.0,0.4299999999999997,0.6300000000000008,1006.2,1006.3,1005.7,1006.8,1007.1,1.3,2.3,2.7,2.6,2.6
4403,36.0,27.0,27.4,27.4,27.4,27.3,53.4,54.6,55.9,56.8,51.1,0.0,0.0,0.0,0.0,0.0,0.5899999999999999,0.4399999999999995,1006.0,1006.1,1005.7,1006.7,1007.0,1.8,2.6,1.3,1.2,2.2
4404,36.5,27.6,27.3,27.5,27.4,27.1,54.7,52.4,53.6,56.7,49.9,0.0,0.0,0.0,0.0,0.0,0.5400000000000009,0.5,1005.9,1006.0,1005.6,1006.7,1006.7,0.6,1.4,1.9,1.7,1.3
4405,37.0,27.7,27.7,27.4,27.5,27.0,51.7,54.0,54.6,57.6,50.2,0.0,0.0,0.0,0.0,0.0,0.5,0.5800000000000001,1005.9,1005.8,1005.5,1006.5,1006.5,1.9,2.7,2.6,2.4,3.1
4406,35.5,27.6,28.0,27.6,28.3,27.2,51.4,51.3,54.4,57.1,49.7,0.0,0.0,0.0,0.0,0.0,0.5700000000000003,0.4299999999999997,1005.8,1005.6,1005.3,1006.3,1006.5,1.6,2.1,2.4,2.7,1.9
4407,33.5,27.7,27.9,27.7,28.0,27.7,51.4,50.7,53.2,57.3,48.8,0.0,0.0,0.0,0.0,0.0,0.5099999999999998,0.45000000000000107,1005.8,1005.4,1005.2,1006.1,1006.4,1.4,2.0,3.2,2.0,2.0
4408,32.5,27.5,27.9,28.6,27.7,27.6,52.6,51.2,53.5,55.9,49.7,0.0,0.0,0.0,0.0,0.0,0.5,0.5099999999999998,1005.7,1005.5,1005.2,1006.1,1006.4,1.8,3.2,0.8,3.4,2.7
4409,32.0,27.5,28.2,27.8,27.5,27.6,51.1,51.2,54.6,57.0,49.4,0.0,0.0,0.0,0.0,0.0,0.5499999999999989,0.5500000000000007,1005.6,1005.4,1005.1,1005.9,1006.4,2.3,2.0,2.2,1.0,3.1
4410,31.5,27.8,28.2,28.7,27.9,27.5,52.0,50.8,54.6,55.5,47.6,0.0,0.0,0.0,0.0,0.0,0.5299999999999994,0.509999999999998,1005.5,1005.3,1004.9,1005.9,1006.1,1.6,2.1,2.8,2.4,2.2
4411,31.5,28.2,28.3,28.4,27.3,28.1,52.1,52.1,53.7,55.7,47.2,0.0,0.0,0.0,0.0,0.0,0.490000000000002,0.4800000000000004,1005.4,1005.1,1005.1,1005.9,1006.0,1.9,2.1,0.6,2.3,2.4
4412,31.0,28.0,28.2,28.5,27.4,27.7,52.4,50.6,53.6,56.3,47.0,0.0,0.0,0.0,0.0,0.0,0.4899999999999984,0.4299999999999997,1005.3,1005.0,1004.9,1005.7,1006.0,1.2,1.9,1.5,2.4,1.8
4413,31.0,28.4,28.4,28.6,28.0,28.2,50.7,48.9,53.4,54.7,47.3,0.0,0.0,0.0,0.0,0.0,0.4400000000000013,0.4299999999999997,1005.2,1004.9,1004.7,1005.6,1006.0,0.4,2.0,2.1,1.9,3.1
4414,31.0,28.2,28.4,28.4,28.7,27.8,50.1,49.3,52.7,55.0,48.2,0.0,0.0,0.0,0.0,0.0,0.4499999999999993,0.4200000000000017,1005.2,1005.0,1004.7,1005.6,1006.0,1.2,1.6,2.4,2.2,2.3
4415,31.5,28.0,28.7,29.0,28.9,27.9,48.9,48.2,52.9,56.0,45.5,0.0,0.0,0.0,0.0,0.0,0.4200000000000017,0.37999999999999895,1005.1,1004.9,1004.6,1005.5,1005.9,2.6,1.6,2.0,3.3,2.7
4416,31.5,28.5,28.6,28.6,28.1,29.0,50.1,48.7,51.6,55.1,47.0,0.0,0.0,0.0,0.0,0.0,0.389999999999997,0.39000000000000057,1005.1,1004.7,1004.6,1005.4,1006.0,1.4,1.9,2.4,1.4,3.5
4417,31.5,28.2,28.7,28.1,28.4,28.2,50.3,49.8,52.3,55.3,48.9,0.0,0.0,0.0,0.0,0.0,0.3500000000000014,0.39000000000000057,1005.0,1004.8,1004.5,1005.4,1005.9,2.1,1.3,3.4,3.3,2.4
4418,31.5,27.8,29.0,28.1,27.9,28.6,50.2,49.1,50.6,54.5,48.6,0.0,0.0,0.0,0.0,0.0,0.28999999999999915,0.36999999999999744,1005.0,1004.7,1004.5,1005.4,1006.0,3.1,0.7,1.9,1.8,2.3
4419,31.5,27.5,28.8,28.5,28.4,28.1,51.6,51.5,53.0,55.2,48.0,0.0,0.0,0.0,0.0,0.0,0.28000000000000114,0.3100000000000023,1005.0,1004.8,1004.5,1005.4,1005.9,2.0,2.5,3.1,2.3,2.2
4420,31.5,27.9,28.9,28.6,28.5,27.9,50.1,53.1,50.8,55.3,48.1,0.0,0.0,0.0,0.0,0.0,0.3000000000000007,0.3499999999999979,1004.9,1004.8,1004.4,1005.4,1005.9,1.4,1.7,3.0,3.6,2.3
4421,31.0,27.1,28.7,28.5,28.3,27.8,51.2,58.5,52.2,57.2,47.8,0.0,0.0,0.0,0.0,0.0,0.3099999999999987,0.3000000000000007,1005.0,1004.9,1004.4,1005.3,1005.9,1.2,2.6,3.0,2.3,2.7
4422,30.5,26.6,28.7,28.3,28.3,27.9,50.7,62.5,53.2,56.5,49.1,0.0,0.0,0.0,0.0,0.0,0.24000000000000196,0.25,1004.8,1004.9,1004.3,1005.3,1006.0,3.3,1.1,3.4,1.6,3.5
4423,30.5,26.5,28.6,28.1,27.9,27.7,51.6,62.0,52.5,55.8,49.0,0.0,0.0,0.0,0.0,0.0,0.2099999999999973,0.2600000000000016,1004.9,1005.0,1004.3,1005.4,1006.0,1.5,1.6,1.8,2.9,3.3
4424,30.0,26.5,28.5,27.8,27.8,27.1,51.0,61.0,55.0,57.3,50.1,0.0,0.0,0.0,0.0,0.0,0.16000000000000014,0.23000000000000045,1004.9,1005.0,1004.4,1005.3,1005.9,0.3,1.5,2.6,3.0,3.1
4425,30.0,26.4,28.4,27.8,27.9,27.3,51.4,61.1,55.4,57.6,50.6,0.0,0.0,0.0,0.0,0.0,0.10000000000000142,0.1999999999999993,1004.9,1004.9,1004.4,1005.3,1005.8,1.4,1.3,3.1,2.1,3.4
4426,29.5,26.4,28.5,27.5,27.7,26.9,50.5,61.1,55.9,56.3,51.9,0.0,0.0,0.0,0.0,0.0,0.08999999999999986,0.259999999999998,1004.9,1005.1,1004.5,1005.3,1005.9,0.6,2.5,3.0,1.7,3.4
4427,29.5,26.3,28.3,27.4,27.6,26.7,52.0,61.5,55.8,57.6,52.9,0.0,0.0,0.0,0.0,0.0,0.12000000000000098,0.14000000000000054,1004.9,1005.1,1004.5,1005.3,1005.9,1.6,1.6,2.0,2.1,2.8
4428,29.0,26.6,28.3,27.3,26.8,26.8,53.6,62.5,55.2,57.7,52.3,0.0,0.0,0.0,0.0,0.0,0.0799999999999983,0.16000000000000014,1004.9,1005.2,1004.6,1005.4,1005.9,1.1,1.6,2.8,3.1,2.7
4429,28.5,26.0,28.2,27.2,26.6,26.5,54.1,63.0,56.3,56.5,52.4,0.0,0.0,0.0,0.0,0.0,0.08999999999999986,0.1700000000000017,1005.0,1005.3,1004.8,1005.5,1006.0,0.8,3.2,3.4,1.8,3.4
4430,28.5,25.7,28.0,27.1,26.6,26.8,55.6,63.1,56.7,57.0,53.3,0.0,0.0,0.0,0.0,0.0,0.08000000000000185,0.14000000000000054,1005.1,1005.3,1004.8,1005.7,1006.1,1.8,1.3,2.3,1.8,3.1
4431,28.5,25.1,27.9,26.9,26.3,26.5,56.0,64.4,57.1,57.2,53.5,0.0,0.0,0.0,0.0,0.0,0.07000000000000027,0.09999999999999787,1005.1,1005.3,1004.9,1005.7,1006.2,2.0,2.3,1.8,2.7,3.3
4432,28.0,24.9,27.5,26.6,26.1,26.4,57.0,65.4,57.6,57.4,54.6,0.0,0.0,0.0,0.0,0.0,0.0799999999999983,0.08999999999999986,1005.1,1005.4,1005.0,1005.7,1006.2,1.3,1.8,2.3,2.1,3.0
4433,28.0,25.0,27.3,26.5,25.9,26.0,58.2,65.5,58.4,58.0,56.0,0.0,0.0,0.0,0.0,0.0,0.05000000000000071,0.07000000000000027,1005.3,1005.5,1005.0,1005.7,1006.3,1.0,1.3,1.6,2.4,2.0
4434,27.5,25.1,27.2,26.2,25.7,25.7,58.6,64.2,59.7,58.7,57.4,0.0,0.0,0.0,0.0,0.0,0.05000000000000071,0.05000000000000071,1005.5,1005.7,1005.2,1005.9,1006.2,0.0,1.3,1.9,1.7,2.1
4435,27.5,24.7,27.0,26.0,25.5,25.6,59.8,64.7,60.0,59.6,58.0,0.0,0.0,0.0,0.0,0.0,0.01999999999999957,0.03999999999999915,1005.6,1005.8,1005.4,1005.9,1006.2,2.1,1.9,0.9,1.0,1.1
4436,27.0,24.4,26.8,25.8,25.2,25.4,60.7,65.5,61.2,60.7,58.7,0.0,0.0,0.0,0.0,0.0,0.01999999999999957,0.01999999999999957,1005.6,1005.8,1005.4,1006.0,1006.4,1.5,1.0,0.7,1.0,0.9
4437,26.5,24.2,26.5,25.7,24.4,25.2,66.1,66.8,61.7,62.3,59.2,0.0,0.0,0.0,0.0,0.0,0.030000000000001137,0.010000000000001565,1005.7,1006.0,1005.3,1006.1,1006.6,1.5,1.5,0.5,1.2,1.3
4438,26.5,24.1,26.3,25.5,23.5,24.8,71.7,66.9,63.3,63.3,60.4,0.0,0.0,0.0,0.0,0.0,0.0,0.0,1005.9,1006.2,1005.5,1006.1,1006.6,1.5,1.0,0.6,0.4,0.9
4439,26.0,24.0,26.2,25.3,23.5,24.5,69.5,67.0,64.8,64.3,61.4,0.0,0.0,0.0,0.0,0.0,0.009999999999998009,0.0,1005.9,1006.1,1005.6,1006.3,1006.7,1.8,1.6,0.7,0.6,1.4
4440,25.5,23.6,26.1,25.0,23.6,24.3,69.5,69.3,66.0,64.7,62.5,0.0,0.0,0.0,0.0,0.0,0.0,0.0,1006.1,1006.3,1005.7,1006.4,1006.8,1.4,1.2,0.8,0.9,1.4
4441,25.5,23.3,26.0,24.7,23.3,24.0,72.6,70.5,67.4,67.1,63.3,0.0,0.0,0.0,0.0,0.0,0.010000000000001565,0.0,1006.1,1006.4,1005.7,1006.6,1006.9,1.1,1.5,0.9,0.5,0.4
4442,25.0,23.3,25.8,24.5,22.8,23.8,74.3,70.7,69.1,68.7,64.1,0.0,0.0,0.0,0.0,0.0,0.0,0.0,1006.3,1006.5,1006.0,1006.8,1007.2,1.1,1.8,0.0,1.2,0.5
4443,25.0,23.3,25.7,24.2,22.6,23.9,76.5,70.9,69.4,70.7,64.5,0.0,0.0,0.0,0.0,0.0,0.0,0.0,1006.5,1006.7,1006.1,1006.9,1007.3,1.1,1.5,0.6,1.2,1.2
4444,24.5,23.0,25.6,24.1,22.2,23.7,78.5,72.0,70.3,71.5,64.7,0.0,0.0,0.0,0.0,0.0,0.0,0.0,1006.6,1006.8,1006.3,1006.9,1007.3,0.9,2.3,0.6,1.2,1.5
4445,24.5,23.0,25.4,23.9,22.1,23.6,79.1,71.1,71.3,72.3,64.7,0.0,0.0,0.0,0.0,0.0,0.009999999999998009,0.0,1006.7,1006.9,1006.3,1007.0,1007.5,1.2,2.4,0.4,1.0,1.2
4446,24.5,22.8,25.3,23.7,22.0,23.4,79.8,71.7,72.1,71.5,65.6,0.0,0.0,0.0,0.0,0.0,0.0,0.0,1006.9,1007.0,1006.5,1007.2,1007.7,0.9,2.2,0.6,1.4,1.6
4447,24.0,22.6,25.1,23.7,21.9,23.3,80.7,72.8,72.1,71.1,65.8,0.0,0.0,0.0,0.0,0.0,0.0,0.0,1007.1,1007.0,1006.6,1007.3,1007.7,1.7,1.7,0.0,0.7,0.9
4448,24.0,22.6,24.9,23.3,21.2,23.2,83.9,73.4,72.8,72.2,66.6,0.0,0.0,0.0,0.0,0.0,0.0,0.0,1007.1,1007.1,1006.8,1007.5,1008.0,1.2,0.8,0.0,1.0,1.7
4449,23.5,22.4,24.7,23.2,21.5,23.2,80.5,75.3,72.3,73.7,66.6,0.0,0.0,0.0,0.0,0.0,0.0,0.0,1007.1,1007.3,1006.7,1007.5,1007.9,0.0,2.3,0.4,1.6,1.3
4450,23.5,22.2,24.3,23.2,21.4,23.0,82.6,77.6,73.6,74.3,66.9,0.0,0.0,0.0,0.0,0.0,0.0,0.0,1007.2,1007.4,1006.9,1007.7,1007.9,0.0,2.0,0.7,1.4,1.1
4451,23.0,21.9,24.0,23.0,20.8,22.8,84.7,78.8,73.0,74.8,67.0,0.0,0.0,0.0,0.0,0.0,0.0,0.0,1006.9,1007.4,1007.0,1007.7,1007.9,0.0,2.0,0.0,1.7,2.1
4452,23.0,21.7,23.7,23.0,20.8,22.5,82.8,79.9,74.8,75.0,67.4,0.0,0.0,0.0,0.0,0.0,0.0,0.0,1007.1,1007.5,1007.0,1007.6,1007.9,0.0,1.5,0.7,1.2,0.9
4453,23.0,21.6,23.5,22.8,20.9,22.1,81.6,80.2,77.0,75.5,67.7,0.0,0.0,0.0,0.0,0.0,0.0,0.0,1007.1,1007.5,1006.8,1007.4,1008.0,0.0,1.0,0.7,1.7,1.2
4454,22.5,21.4,23.3,22.7,20.6,22.1,83.6,80.9,76.4,76.3,67.8,0.0,0.0,0.0,0.0,0.0,0.0,0.0,1007.2,1007.4,1006.8,1007.6,1008.2,0.0,0.6,0.8,1.4,1.1
4455,22.5,21.2,23.3,22.6,20.6,22.1,82.6,81.9,75.8,76.6,67.4,0.0,0.0,0.0,0.0,0.0,0.0,0.0,1007.3,1007.4,1006.9,1007.8,1008.0,0.0,2.2,0.0,1.3,0.7
4456,22.5,21.1,23.2,22.6,20.5,22.0,84.2,83.1,75.6,76.8,67.9,0.0,0.0,0.0,0.0,0.0,0.0,0.0,1007.3,1007.4,1007.0,1007.7,1008.1,0.0,0.0,0.8,1.1,1.1
4457,22.5,20.9,23.1,22.5,21.0,21.9,82.5,84.3,75.4,76.6,68.0,0.0,0.0,0.0,0.0,0.0,0.0,0.0,1007.3,1007.5,1007.0,1007.7,1008.1,0.0,1.4,1.3,1.5,1.5
4458,22.5,20.7,23.0,22.3,20.9,21.8,84.4,85.4,75.1,77.2,68.2,0.0,0.0,0.0,0.0,0.0,0.0,0.0,1007.2,1007.4,1007.0,1007.6,1008.1,0.0,1.1,0.7,1.4,1.3
4459,22.0,20.9,22.9,22.2,20.9,21.5,83.9,85.2,76.1,78.0,68.4,0.0,0.0,0.0,0.0,0.0,0.0,0.0,1007.4,1007.5,1007.1,1007.7,1008.2,0.0,1.3,0.2,1.3,1.1
4460,22.0,21.0,22.7,22.1,20.3,21.3,86.3,83.4,77.2,78.5,68.8,0.0,0.0,0.0,0.0,0.0,0.0,0.0,1007.5,1007.6,1007.1,1007.9,1008.1,0.0,1.4,0.0,0.6,1.2
4461,22.0,20.9,22.6,22.0,20.6,21.2,84.5,82.7,78.0,78.8,69.9,0.0,0.0,0.0,0.0,0.0,0.0,0.0,1007.4,1007.6,1007.0,1007.8,1008.0,0.0,2.3,0.0,0.0,0.6
4462,22.0,20.6,22.6,21.7,20.1,21.0,85.8,85.0,78.7,79.1,70.9,0.0,0.0,0.0,0.0,0.0,0.0,0.0,1007.2,1007.8,1006.9,1007.7,1008.0,0.0,0.6,0.0,0.0,0.0
4463,22.0,20.5,22.6,21.7,20.1,20.8,86.1,86.3,79.5,79.0,71.1,0.0,0.0,0.0,0.0,0.0,0.0,0.0,1007.2,1007.8,1007.2,1007.7,1007.9,0.0,0.8,0.8,0.0,0.0
4464,22.0,20.3,22.4,21.6,20.7,20.7,82.3,86.4,79.8,79.6,71.8,0.0,0.0,0.0,0.0,0.0,0.0,0.0,1007.0,1007.8,1007.0,1007.5,1007.8,0.0,0.0,1.4,0.0,0.0
4465,22.0,20.2,22.3,21.6,20.5,20.6,82.4,87.0,80.1,79.8,72.5,0.0,0.0,0.0,0.0,0.0,0.0,0.0,1007.1,1007.6,1006.7,1007.4,1007.7,0.0,1.0,0.0,0.0,0.1
4466,22.0,20.2,22.3,21.6,20.2,20.5,85.0,87.2,79.9,79.9,72.4,0.0,0.0,0.0,0.0,0.0,0.0,0.0,1007.0,1007.4,1006.9,1007.4,1007.7,1.5,0.3,0.0,0.0,0.0
4467,21.5,20.0,22.3,21.6,20.3,20.4,84.1,88.3,79.5,81.9,72.9,0.0,0.0,0.0,0.0,0.0,0.0,0.0,1006.9,1007.2,1006.8,1007.4,1007.6,0.9,0.6,0.0,0.0,0.0
4468,21.5,19.8,22.3,21.4,20.2,20.4,83.8,88.5,78.7,81.7,73.3,0.0,0.0,0.0,0.0,0.0,0.0,0.0,1006.9,1007.2,1006.7,1007.3,1007.4,0.4,0.7,0.0,0.0,0.4
4469,21.5,20.3,22.2,21.3,19.5,20.1,87.3,88.3,80.0,81.7,73.4,0.0,0.0,0.0,0.0,0.0,0.0,0.0,1006.8,1007.1,1006.5,1007.1,1007.3,0.4,1.0,0.0,0.0,0.8
4470,21.5,20.0,22.0,21.2,19.8,20.0,87.3,90.2,79.8,81.7,74.2,0.0,0.0,0.0,0.0,0.0,0.0,0.0,1006.8,1007.1,1006.6,1007.1,1007.2,1.4,1.9,0.6,0.0,0.3
4471,21.0,19.7,22.0,21.2,20.0,20.0,85.0,90.2,79.5,81.7,75.0,0.0,0.0,0.0,0.0,0.0,0.0,0.0,1006.7,1007.2,1006.5,1007.0,1007.2,0.5,0.8,1.2,0.0,0.1
4472,21.0,20.0,22.0,21.2,20.2,19.8,84.7,91.6,79.7,81.0,75.4,0.0,0.0,0.0,0.0,0.0,0.0,0.0,1006.9,1007.1,1006.5,1006.9,1007.4,0.7,1.4,0.3,0.0,0.2
4473,21.0,20.4,21.8,21.1,20.0,19.5,85.2,87.1,81.3,81.4,76.2,0.0,0.0,0.0,0.0,0.0,0.0,0.0,1006.9,1006.9,1006.4,1007.0,1007.2,0.6,2.6,0.0,0.5,0.6
4474,21.0,20.4,21.8,21.1,19.5,19.4,87.6,86.9,82.5,81.4,77.0,0.0,0.0,0.0,0.0,0.0,0.0,0.0,1006.7,1006.9,1006.2,1007.1,1007.3,0.8,1.3,0.4,1.2,0.6
4475,21.0,20.6,21.8,21.0,19.7,19.4,86.9,86.0,82.8,81.6,77.8,0.0,0.0,0.0,0.0,0.0,0.0,0.0,1006.5,1006.7,1006.3,1007.2,1007.2,0.0,1.8,1.3,0.0,0.4
4476,21.0,20.6,21.6,21.1,20.0,19.5,85.7,86.4,81.6,80.3,77.9,0.0,0.0,0.0,0.0,0.0,0.0,0.0,1006.7,1006.5,1006.5,1007.0,1007.1,0.9,1.1,1.0,0.0,0.4
4477,21.0,20.4,21.4,21.0,20.0,19.7,85.2,87.4,79.3,80.2,78.2,0.0,0.0,0.0,0.0,0.0,0.0,0.0,1006.7,1006.7,1006.3,1006.9,1007.1,0.6,2.2,0.7,0.0,0.8
4478,21.0,20.4,21.3,21.0,19.9,19.7,85.3,87.2,79.4,80.4,78.4,0.0,0.0,0.0,0.0,0.0,0.0,0.0,1006.8,1006.8,1006.3,1007.0,1007.1,0.8,1.4,0.0,0.0,0.8
4479,21.0,20.4,21.2,21.1,20.0,19.7,83.5,87.1,78.8,80.8,77.9,0.0,0.0,0.0,0.0,0.0,0.0,0.0,1006.8,1006.7,1006.4,1007.1,1007.2,1.1,1.6,1.8,0.0,0.9
4480,21.0,20.4,21.1,21.1,20.0,19.6,82.8,87.3,79.0,81.2,77.8,0.0,0.0,0.0,0.0,0.0,0.0,0.0,1006.8,1006.8,1006.4,1007.1,1007.3,1.5,1.2,0.8,0.0,0.5
4481,21.0,20.4,21.1,20.9,20.0,19.6,82.3,87.6,78.6,81.7,77.7,0.0,0.0,0.0,0.0,0.0,0.0,0.0,1006.7,1006.7,1006.3,1007.2,1007.2,1.9,1.5,1.2,0.0,0.9
4482,21.0,20.4,21.1,20.8,20.0,19.5,82.3,87.8,79.4,82.6,77.5,0.0,0.0,0.0,0.0,0.0,0.0,0.0,1006.7,1006.6,1006.4,1007.1,1007.2,1.1,1.3,1.3,0.0,1.1
4483,21.0,20.3,21.0,20.8,20.1,19.3,80.8,87.8,80.4,83.3,78.0,0.0,0.0,0.0,0.0,0.0,0.0,0.0,1006.6,1006.7,1006.4,1007.1,1007.1,1.3,0.1,2.0,0.0,0.7
4484,21.0,20.3,21.0,20.7,20.1,19.0,80.7,88.1,81.8,83.7,77.1,0.0,0.0,0.0,0.0,0.0,0.0,0.0,1006.5,1006.9,1006.4,1007.1,1007.1,1.1,1.7,1.6,0.0,0.5
4485,21.0,19.9,20.9,20.7,20.0,18.8,80.4,89.8,83.0,84.1,77.2,0.0,0.0,0.0,0.0,0.0,0.0,0.0,1006.5,1006.8,1006.3,1007.1,1006.8,1.0,1.5,1.6,0.0,0.4
4486,21.0,19.5,20.8,20.7,20.0,18.7,80.2,92.0,83.6,84.4,77.6,0.0,0.0,0.0,0.0,0.0,0.0,0.0,1006.5,1006.9,1006.4,1007.0,1006.9,0.4,1.5,1.9,0.0,0.0
4487,21.0,18.9,20.8,20.6,19.9,18.6,80.8,93.9,83.5,84.4,77.6,0.0,0.0,0.0,0.0,0.0,0.0,0.0,1006.4,1006.9,1006.3,1007.0,1006.9,0.5,1.7,1.1,0.0,0.6
4488,20.5,18.7,20.6,20.6,19.7,18.6,81.9,95.3,83.0,85.0,77.5,0.0,0.0,0.0,0.0,0.0,0.0,0.0,1006.4,1006.9,1006.3,1007.1,1007.0,1.2,1.1,0.9,0.0,0.3
4489,20.5,18.5,20.5,20.6,19.3,18.4,83.6,95.6,84.8,85.2,77.4,0.0,0.0,0.0,0.0,0.0,0.0,0.0,1006.2,1006.9,1006.1,1006.9,1007.0,0.5,1.6,0.0,0.0,0.5
4490,20.5,18.4,20.3,20.5,19.1,18.5,83.8,95.7,84.3,85.8,77.9,0.0,0.0,0.0,0.0,0.0,0.0,0.0,1006.3,1006.9,1006.1,1006.9,1007.1,0.3,1.4,0.0,0.0,0.6
4491,20.0,18.4,20.1,20.6,18.5,18.6,88.0,95.8,84.4,86.6,77.7,0.0,0.0,0.0,0.0,0.0,0.0,0.0,1006.5,1007.0,1006.2,1007.0,1007.3,0.8,1.2,0.2,0.0,0.7
4492,20.0,18.7,20.0,20.7,18.0,18.7,88.7,95.1,83.7,87.3,77.4,0.0,0.0,0.0,0.0,0.0,0.0,0.0,1006.5,1007.0,1006.1,1007.0,1007.1,0.4,0.7,0.0,0.0,0.2
4493,19.5,18.7,19.8,20.7,17.3,18.7,90.6,94.4,83.9,87.8,76.8,0.0,0.0,0.0,0.0,0.0,0.0,0.0,1006.5,1006.8,1006.4,1007.0,1007.2,0.0,1.1,0.0,0.0,0.0
4494,19.5,18.9,20.0,20.8,17.4,18.5,91.9,94.4,84.3,87.7,76.7,0.0,0.0,0.0,0.0,0.0,0.0,0.0,1006.6,1006.8,1006.4,1007.0,1007.2,0.3,0.2,0.0,0.0,0.6
4495,19.5,19.3,20.0,20.7,18.2,18.4,90.8,94.0,85.1,87.9,76.9,0.0,0.0,0.0,0.0,0.0,0.0,0.0,1006.7,1006.8,1006.4,1007.0,1007.3,0.7,0.8,0.0,0.0,0.7
4496,20.0,19.4,20.0,20.7,18.6,18.3,87.8,92.6,86.0,88.4,78.0,0.0,0.0,0.0,0.0,0.0,0.0,0.0,1006.7,1007.0,1006.4,1007.2,1007.3,0.7,0.3,0.0,0.0,0.7
4497,20.0,19.5,20.0,20.5,18.7,18.0,87.7,91.8,86.1,87.8,78.7,0.0,0.0,0.0,0.0,0.0,0.0,0.0,1006.8,1007.0,1006.6,1007.3,1007.4,0.9,0.8,1.1,0.0,1.1
4498,20.0,19.6,20.1,20.6,18.9,17.8,87.8,91.2,87.7,87.7,78.9,0.0,0.0,0.0,0.0,0.0,0.01,0.0,1006.9,1007.0,1006.5,1007.5,1007.4,0.5,0.0,0.4,0.0,0.7
4499,20.5,19.6,20.2,20.6,18.9,17.6,87.6,91.7,88.6,87.7,79.2,0.0,0.0,0.0,0.0,0.0,0.02,0.0,1006.8,1007.1,1006.6,1007.5,1007.3,0.7,0.0,0.9,0.0,0.9
4500,20.5,19.5,20.2,20.7,18.9,17.7,87.3,92.1,88.5,87.6,79.3,0.0,0.0,0.0,0.0,0.0,0.020000000000000004,0.02,1006.8,1007.1,1006.6,1007.3,1007.3,0.3,0.7,0.7,0.0,0.6
4501,20.5,19.5,20.3,20.6,19.1,17.8,87.4,91.7,89.0,87.4,79.2,0.0,0.0,0.0,0.0,0.0,0.04,0.03,1006.6,1007.2,1006.5,1007.3,1007.3,0.9,0.0,0.0,0.0,0.6
4502,21.0,19.5,20.4,20.7,19.4,18.1,85.2,91.0,88.7,86.9,79.3,0.0,0.0,0.0,0.0,0.0,0.020000000000000004,0.04,1006.5,1007.3,1006.3,1007.2,1007.2,0.3,0.5,0.6,0.0,0.7
4503,21.0,19.7,20.5,20.8,19.6,18.3,84.3,90.2,86.6,86.1,78.1,0.0,0.0,0.0,0.0,0.0,0.06000000000000001,0.06,1006.5,1007.3,1006.4,1007.0,1007.0,0.0,0.8,0.1,0.0,0.3
4504,21.5,19.7,20.6,21.0,19.8,18.7,83.0,89.4,86.1,85.5,78.0,0.0,0.0,0.0,0.0,0.0,0.06,0.07,1006.5,1007.1,1006.4,1007.0,1007.0,0.5,1.1,0.3,0.0,0.5
4505,21.5,20.0,20.7,21.1,19.9,18.9,81.0,89.5,83.6,85.6,78.1,0.0,0.0,0.0,0.0,0.0,0.06999999999999998,0.09,1006.7,1007.1,1006.3,1007.0,1007.3,0.8,1.2,0.6,0.0,0.2
4506,22.0,20.2,20.8,21.0,20.1,19.3,79.6,88.0,82.2,84.6,77.9,0.0,0.0,0.0,0.0,0.0,0.07,0.08000000000000003,1006.6,1006.9,1006.4,1007.1,1007.3,0.4,0.0,0.8,0.0,1.0
4507,22.0,20.3,21.0,21.1,20.5,20.0,77.4,87.1,77.6,84.5,77.4,0.0,0.0,0.0,0.0,0.0,0.09000000000000002,0.07,1006.7,1007.1,1006.3,1007.2,1007.3,1.0,0.9,0.5,0.0,1.7
4508,22.5,20.5,21.1,21.2,20.6,20.3,79.1,86.4,75.7,83.9,77.1,0.0,0.0,0.0,0.0,0.0,0.10000000000000003,0.10000000000000003,1006.9,1006.9,1006.5,1007.3,1007.4,0.7,1.0,1.1,0.0,1.3
4509,23.0,20.6,21.2,21.2,20.8,20.8,79.0,84.1,76.0,82.9,77.0,0.0,0.0,0.0,0.0,0.0,0.06999999999999995,0.11,1006.8,1006.8,1006.4,1007.3,1007.4,0.6,1.6,1.8,0.0,2.4
4510,23.5,20.7,21.4,21.6,20.8,21.2,77.6,83.2,74.7,82.9,74.9,0.0,0.0,0.0,0.0,0.0,0.14,0.12,1006.7,1006.8,1006.6,1007.2,1007.4,0.6,1.5,1.7,0.0,1.3
4511,24.0,21.1,21.7,21.7,21.2,20.6,75.2,82.2,75.9,81.4,75.4,0.0,0.0,0.0,0.0,0.0,0.12,0.16999999999999993,1006.7,1006.9,1006.5,1007.2,1007.5,1.1,1.5,1.7,0.0,1.9
4512,24.0,21.2,21.9,21.5,21.6,20.5,70.1,79.8,77.5,80.1,74.8,0.0,0.0,0.0,0.0,0.0,0.11,0.16999999999999993,1006.5,1007.0,1006.3,1007.1,1007.5,1.0,1.3,2.8,0.0,1.5
4513,24.5,21.8,22.0,21.7,22.3,20.5,65.7,78.5,75.9,78.7,67.9,0.0,0.0,0.0,0.0,0.0,0.1200000000000001,0.2100000000000002,1006.5,1007.0,1006.1,1007.1,1007.1,1.5,0.7,3.1,0.0,0.4
4514,25.0,22.7,22.2,21.9,22.3,21.7,66.1,71.7,72.7,77.4,68.6,0.0,0.0,0.0,0.0,0.0,0.1299999999999999,0.25,1006.5,1006.8,1006.1,1006.9,1007.0,0.9,2.0,1.5,0.0,1.6
4515,26.0,22.8,22.3,22.0,22.6,21.6,63.4,68.3,70.1,76.8,64.7,0.0,0.0,0.0,0.0,0.0,0.1200000000000001,0.1399999999999999,1006.5,1006.6,1005.9,1006.8,1006.8,0.5,2.1,1.4,0.0,1.0
4516,28.0,23.1,22.2,22.0,22.9,21.6,64.2,63.4,72.0,75.1,62.8,0.0,0.0,0.0,0.0,0.0,0.1499999999999999,0.18999999999999995,1006.4,1006.7,1005.9,1006.7,1007.0,0.5,1.4,1.3,0.0,1.8
4517,29.0,23.8,22.6,22.6,22.9,21.3,62.8,61.2,72.2,73.7,62.4,0.0,0.0,0.0,0.0,0.0,0.21,0.27,1006.4,1006.8,1005.9,1006.8,1006.9,1.4,2.6,3.0,1.6,0.7
4518,30.0,23.3,22.7,22.6,22.8,21.9,62.8,61.3,70.4,72.7,61.5,0.0,0.0,0.0,0.0,0.0,0.2799999999999998,0.25,1006.2,1006.4,1005.7,1006.7,1006.7,0.4,1.2,2.4,1.6,1.3
4519,31.5,24.3,22.8,23.1,23.2,22.8,63.5,59.6,68.0,71.6,60.8,0.0,0.0,0.0,0.0,0.0,0.28000000000000025,0.28000000000000025,1006.2,1006.2,1005.5,1006.7,1006.7,0.8,2.2,1.5,1.2,2.0
4520,30.5,23.8,23.3,23.0,23.8,22.6,60.8,61.8,62.8,69.2,60.1,0.0,0.0,0.0,0.0,0.0,0.21999999999999972,0.3099999999999996,1005.9,1006.1,1005.4,1006.5,1006.5,1.3,0.4,2.6,0.0,0.6
4521,30.0,23.8,23.6,23.8,24.1,22.4,59.4,61.5,62.8,68.9,58.8,0.0,0.0,0.0,0.0,0.0,0.4700000000000002,0.3000000000000003,1005.6,1006.0,1005.2,1006.3,1006.5,2.2,1.1,3.1,0.0,1.3
4522,32.0,24.4,23.3,24.1,23.6,23.5,60.8,59.2,62.1,69.0,56.8,0.0,0.0,0.0,0.0,0.0,0.48,0.2799999999999998,1005.7,1005.7,1005.2,1006.2,1006.1,0.6,1.0,1.5,0.0,5.5
4523,34.5,23.8,23.7,24.1,24.1,23.5,59.5,61.4,59.5,67.4,57.3,0.0,0.0,0.0,0.0,0.0,0.52,0.5100000000000002,1005.9,1005.7,1005.1,1006.2,1006.4,1.2,1.4,2.4,0.0,2.0
4524,34.5,23.5,24.1,24.3,25.1,23.2,56.4,60.3,60.8,67.8,56.0,0.0,0.0,0.0,0.0,0.0,0.4600000000000004,0.5,1005.9,1005.8,1005.0,1006.1,1006.4,0.4,0.5,1.3,1.1,1.3
4525,33.5,24.2,24.0,23.8,24.7,23.9,58.1,59.1,59.0,67.4,59.2,0.0,0.0,0.0,0.0,0.0,0.22999999999999954,0.2999999999999998,1005.8,1005.6,1005.2,1006.1,1006.3,2.5,1.9,2.3,0.2,1.3
4526,32.5,25.2,24.5,24.2,24.5,24.0,57.7,53.6,58.6,66.5,59.1,0.0,0.0,0.0,0.0,0.0,0.23000000000000045,0.5800000000000001,1005.8,1005.6,1005.1,1006.1,1006.4,1.1,1.8,2.3,1.5,2.5
4527,32.5,24.0,24.7,24.5,25.4,25.5,54.7,57.9,56.0,64.1,57.6,0.0,0.0,0.0,0.0,0.0,0.4399999999999995,0.5099999999999998,1005.9,1005.6,1005.2,1006.1,1006.4,1.0,1.2,2.2,1.0,0.4
4528,34.0,24.3,24.5,24.3,25.2,24.9,56.2,58.1,58.4,62.7,57.0,0.0,0.0,0.0,0.0,0.0,0.3100000000000005,0.5,1006.0,1005.7,1005.1,1006.2,1006.4,0.8,1.2,2.3,2.1,0.8
4529,35.0,24.6,25.0,24.4,25.8,24.7,55.9,57.8,56.3,63.1,59.0,0.0,0.0,0.0,0.0,0.0,0.3300000000000001,0.5899999999999999,1005.9,1005.7,1005.0,1006.3,1006.4,2.8,1.9,1.8,1.2,2.2
4530,37.0,24.5,25.1,24.5,26.3,25.4,53.4,56.7,54.7,61.1,58.7,0.0,0.0,0.0,0.0,0.0,0.22999999999999954,0.6000000000000005,1006.0,1005.6,1005.0,1006.2,1006.5,1.9,1.7,3.4,2.3,2.4
4531,37.5,25.3,25.3,25.3,25.9,25.5,55.1,57.5,55.5,60.9,56.9,0.0,0.0,0.0,0.0,0.0,0.46,0.6200000000000001,1006.0,1005.5,1005.0,1006.3,1006.5,2.3,2.3,2.1,2.2,2.6
4532,38.5,24.9,25.5,25.9,26.4,25.4,54.8,57.2,55.6,60.1,53.9,0.0,0.0,0.0,0.0,0.0,0.5600000000000005,0.5299999999999994,1006.0,1005.4,1005.0,1006.3,1006.5,2.6,2.5,2.5,1.2,2.1
4533,39.5,25.1,25.6,25.9,25.7,26.1,56.1,55.9,54.3,59.1,54.1,0.0,0.0,0.0,0.0,0.0,0.5299999999999994,0.5300000000000011,1005.9,1005.4,1005.0,1006.3,1006.4,3.1,2.7,2.8,2.1,1.2
4534,38.0,25.0,25.5,25.4,25.4,25.8,56.9,56.0,53.7,58.4,55.0,0.0,0.0,0.0,0.0,0.0,0.5899999999999999,0.4599999999999991,1005.8,1005.3,1005.1,1006.3,1006.3,1.2,2.4,3.6,2.0,1.7
4535,39.0,25.7,26.3,25.7,25.9,26.1,55.7,54.3,51.8,59.3,56.5,0.0,0.0,0.0,0.0,0.0,0.5500000000000007,0.5099999999999998,1005.7,1005.3,1004.9,1006.0,1006.1,2.5,2.4,3.9,2.1,1.3
4536,40.5,25.6,25.9,26.0,25.6,26.2,54.5,54.8,51.9,59.1,50.5,0.0,0.0,0.0,0.0,0.0,0.629999999999999,0.5300000000000011,1005.6,1005.1,1004.8,1005.9,1006.1,2.2,1.6,2.7,2.7,3.7
4537,41.0,26.0,26.0,25.8,25.6,27.2,56.6,54.5,50.3,56.4,54.0,0.0,0.0,0.0,0.0,0.0,0.620000000000001,0.5899999999999999,1005.5,1005.0,1004.6,1005.9,1006.0,1.1,2.1,2.0,2.5,1.7
4538,40.0,25.4,26.3,25.6,27.1,27.1,52.4,53.6,50.0,55.0,53.9,0.0,0.0,0.0,0.0,0.0,0.5800000000000001,0.5499999999999989,1005.4,1004.9,1004.6,1005.7,1005.9,1.3,1.7,3.4,2.5,0.7
4539,40.0,25.9,26.0,25.2,26.6,27.1,51.8,53.8,48.7,58.3,53.7,0.0,0.0,0.0,0.0,0.0,0.2400000000000002,0.3100000000000005,1005.4,1004.8,1004.6,1005.7,1005.9,2.0,1.3,3.3,1.7,2.0
4540,39.5,26.4,26.1,25.8,26.3,27.6,53.2,53.0,47.2,59.0,51.8,0.0,0.0,0.0,0.0,0.0,0.41000000000000014,0.3699999999999992,1005.3,1004.6,1004.5,1005.6,1005.8,1.7,1.5,3.7,1.0,0.7
4541,38.5,26.0,26.7,25.8,26.9,27.4,51.6,50.9,49.8,56.4,52.7,0.0,0.0,0.0,0.0,0.0,0.3699999999999992,0.6500000000000004,1005.2,1004.6,1004.3,1005.5,1005.7,1.3,1.7,4.3,2.0,1.7
4542,39.0,26.3,27.0,26.1,26.8,27.3,50.4,52.6,49.7,56.0,51.4,0.0,0.0,0.0,0.0,0.0,0.4600000000000009,0.6600000000000001,1005.1,1004.5,1004.2,1005.5,1005.6,2.1,1.6,2.1,3.4,0.9
4543,38.5,27.4,27.2,26.1,27.4,27.3,51.1,50.5,49.9,54.5,52.0,0.0,0.0,0.0,0.0,0.0,0.2599999999999998,0.6500000000000004,1005.0,1004.3,1004.2,1005.3,1005.5,0.9,2.0,3.8,3.4,0.5
4544,38.5,26.7,27.1,26.6,26.7,27.4,50.5,49.0,48.2,53.7,49.2,0.0,0.0,0.0,0.0,0.0,0.4199999999999999,0.5299999999999994,1004.8,1004.3,1004.1,1005.2,1005.4,2.3,2.8,2.6,1.8,0.9
4545,39.0,27.1,27.5,27.2,27.4,28.0,50.0,49.5,47.4,54.0,50.5,0.0,0.0,0.0,0.0,0.0,0.4199999999999999,0.6300000000000008,1004.7,1004.2,1004.0,1005.1,1005.3,1.7,1.2,3.8,2.5,1.8
4546,39.0,27.2,27.4,27.0,27.6,28.0,48.8,48.3,48.5,52.0,49.6,0.0,0.0,0.0,0.0,0.0,0.4599999999999991,0.5799999999999983,1004.6,1004.0,1003.9,1005.0,1005.2,1.6,1.5,3.2,1.6,3.4
4547,39.0,28.6,27.8,26.2,26.7,28.1,52.1,47.2,47.0,51.4,50.1,0.0,0.0,0.0,0.0,0.0,0.23000000000000045,0.6300000000000026,1004.6,1004.0,1003.8,1005.0,1005.1,1.5,2.4,2.1,2.0,1.4
4548,38.5,27.8,27.9,27.0,28.2,27.4,48.6,45.8,49.6,53.3,49.8,0.0,0.0,0.0,0.0,0.0,0.4299999999999997,0.5799999999999983,1004.5,1003.9,1003.6,1004.7,1005.0,1.3,0.8,1.9,2.3,1.7
4549,38.5,28.4,27.8,27.1,27.7,27.8,48.7,48.3,50.0,51.1,48.9,0.0,0.0,0.0,0.0,0.0,0.3000000000000007,0.5899999999999999,1004.3,1003.9,1003.6,1004.7,1005.0,1.8,1.1,2.8,3.3,2.0
4550,36.5,27.7,28.1,27.6,27.4,27.4,49.8,47.1,49.8,50.4,49.8,0.0,0.0,0.0,0.0,0.0,0.41000000000000014,0.5899999999999999,1004.3,1003.9,1003.6,1004.7,1004.9,1.0,1.1,3.4,2.4,1.3
4551,34.5,27.8,28.2,27.5,28.2,28.8,48.2,44.8,48.0,50.0,49.2,0.0,0.0,0.0,0.0,0.0,0.5899999999999999,0.5800000000000018,1004.2,1003.7,1003.4,1004.5,1004.8,1.5,1.4,3.1,2.3,0.9
4552,33.0,27.4,28.5,28.0,28.6,28.4,48.0,45.4,48.1,52.2,45.5,0.0,0.0,0.0,0.0,0.0,0.5599999999999987,0.5500000000000007,1004.1,1003.7,1003.4,1004.4,1004.8,0.6,2.1,2.6,2.5,1.3
4553,32.5,28.4,28.8,27.8,28.1,27.8,45.0,43.9,49.1,50.8,45.5,0.0,0.0,0.0,0.0,0.0,0.5300000000000011,0.5299999999999976,1004.1,1003.7,1003.4,1004.3,1004.8,2.4,1.5,2.2,3.3,1.7
4554,32.0,28.4,28.4,28.2,28.2,28.1,45.5,44.6,48.0,49.8,45.1,0.0,0.0,0.0,0.0,0.0,0.5500000000000007,0.5300000000000011,1004.0,1003.5,1003.2,1004.4,1004.7,2.2,2.8,1.6,2.9,3.1
4555,32.0,28.9,28.4,28.2,28.9,28.5,45.3,44.7,48.1,50.1,47.3,0.0,0.0,0.0,0.0,0.0,0.5500000000000007,0.509999999999998,1004.0,1003.4,1003.2,1004.2,1004.6,2.0,1.4,2.8,2.0,2.9
4556,31.5,28.2,28.7,28.2,28.4,28.6,46.1,45.1,47.5,49.3,46.7,0.0,0.0,0.0,0.0,0.0,0.4299999999999997,0.490000000000002,1003.9,1003.4,1003.2,1004.2,1004.5,1.4,2.3,3.4,3.1,2.2
4557,31.5,28.4,28.8,28.4,28.1,28.2,44.6,44.3,47.6,48.1,47.2,0.0,0.0,0.0,0.0,0.0,0.36999999999999744,0.4699999999999989,1003.9,1003.3,1003.2,1004.1,1004.5,3.1,1.8,3.4,2.5,3.3
4558,31.5,28.1,28.7,28.4,27.9,27.8,43.9,44.8,47.6,49.2,46.9,0.0,0.0,0.0,0.0,0.0,0.4800000000000004,0.4600000000000009,1003.8,1003.4,1003.1,1004.0,1004.3,2.4,1.7,1.4,3.2,0.9
4559,31.5,28.4,28.6,28.0,28.9,28.0,43.7,45.1,46.9,48.4,46.1,0.0,0.0,0.0,0.0,0.0,0.4400000000000013,0.4499999999999993,1003.9,1003.4,1003.0,1004.0,1004.2,1.1,2.4,2.2,2.0,2.5
4560,31.5,28.3,28.5,27.8,28.8,28.0,43.8,43.3,46.5,48.8,47.3,0.0,0.0,0.0,0.0,0.0,0.41000000000000014,0.4200000000000017,1003.8,1003.3,1003.0,1004.0,1004.3,1.9,1.0,3.2,3.6,1.8
4561,31.5,28.7,28.8,28.2,28.4,28.1,43.5,44.0,46.1,49.4,46.2,0.0,0.0,0.0,0.0,0.0,0.3999999999999986,0.41000000000000014,1003.7,1003.1,1003.1,1004.0,1004.3,2.1,1.7,2.6,2.8,3.3
4562,31.5,27.9,28.6,28.4,28.6,28.0,43.5,44.8,45.2,47.6,47.9,0.0,0.0,0.0,0.0,0.0,0.35999999999999943,0.36999999999999744,1003.6,1003.2,1002.9,1003.9,1004.3,1.4,0.4,3.0,2.7,3.4
4563,31.5,28.1,28.8,28.3,28.5,28.3,42.5,44.3,44.6,47.8,46.9,0.0,0.0,0.0,0.0,0.0,0.360000000000003,0.37000000000000105,1003.6,1003.2,1002.9,1003.9,1004.2,3.9,1.0,2.6,3.3,3.6
4564,31.5,28.3,28.8,28.5,28.5,28.5,43.6,44.4,44.9,48.8,48.0,0.0,0.0,0.0,0.0,0.0,0.3299999999999983,0.33999999999999986,1003.6,1003.2,1002.9,1003.8,1004.2,3.3,1.4,3.9,1.9,2.5
4565,31.0,28.3,28.7,28.4,28.0,28.5,45.2,43.4,45.0,46.9,47.9,0.0,0.0,0.0,0.0,0.0,0.3000000000000007,0.3200000000000003,1003.6,1003.1,1002.9,1003.9,1004.3,2.5,2.5,4.3,1.9,2.9
4566,31.0,28.3,28.7,28.0,28.0,27.8,43.7,44.0,46.0,48.3,49.2,0.0,0.0,0.0,0.0,0.0,0.2699999999999996,0.3000000000000007,1003.5,1003.3,1002.8,1003.8,1004.3,1.3,2.3,2.1,3.2,1.9
4567,31.0,28.4,28.6,28.0,27.7,27.9,44.0,43.9,46.1,49.2,48.5,0.0,0.0,0.0,0.0,0.0,0.2699999999999996,0.28000000000000114,1003.5,1003.3,1002.8,1003.8,1004.3,1.8,1.7,2.9,2.5,3.7
4568,30.5,28.3,28.5,27.7,27.9,27.8,45.1,44.3,46.1,50.7,48.5,0.0,0.0,0.0,0.0,0.0,0.23000000000000045,0.25,1003.5,1003.4,1002.8,1003.8,1004.2,2.2,1.6,2.4,1.8,2.8
4569,30.0,27.7,28.1,27.8,27.9,27.4,46.0,44.3,45.8,51.6,48.5,0.0,0.0,0.0,0.0,0.0,0.23000000000000045,0.2299999999999969,1003.5,1003.3,1002.9,1003.8,1004.1,2.1,1.9,3.2,1.6,3.3
4570,29.5,27.8,27.7,27.6,27.6,27.5,44.8,45.3,46.3,52.5,49.5,0.0,0.0,0.0,0.0,0.0,0.16999999999999815,0.21000000000000085,1003.4,1003.3,1002.8,1003.9,1004.1,3.1,2.1,3.4,2.4,3.1
4571,29.0,27.6,27.4,27.6,27.4,27.4,47.2,45.6,46.1,54.0,48.7,0.0,0.0,0.0,0.0,0.0,0.1700000000000017,0.19000000000000128,1003.3,1003.3,1002.8,1003.9,1004.1,1.4,1.8,2.4,2.7,2.9
4572,29.0,28.0,27.7,27.6,27.2,27.1,47.4,45.8,46.1,53.3,48.8,0.0,0.0,0.0,0.0,0.0,0.16000000000000014,0.16999999999999815,1003.4,1003.4,1003.0,1003.9,1004.2,1.3,2.5,3.7,1.6,1.5
4573,28.5,27.5,27.5,27.2,27.0,26.8,49.1,47.0,47.1,53.9,53.2,0.0,0.0,0.0,0.0,0.0,0.14999999999999858,0.15000000000000213,1003.5,1003.5,1003.2,1004.1,1004.3,2.0,3.2,3.4,1.6,2.1
4574,28.0,27.3,27.4,27.0,26.8,26.9,49.1,50.0,46.9,54.1,54.2,0.0,0.0,0.0,0.0,0.0,0.10999999999999943,0.129999999999999,1003.6,1003.7,1003.1,1004.1,1004.3,1.0,2.0,2.9,1.4,2.6
4575,27.5,26.6,27.1,27.0,26.6,26.7,50.7,54.4,47.0,54.5,54.4,0.0,0.0,0.0,0.0,0.0,0.11000000000000297,0.10999999999999943,1003.7,1003.7,1003.2,1004.1,1004.4,1.1,2.1,2.7,2.7,3.4
4576,27.5,26.3,26.7,26.5,26.4,26.3,51.1,55.6,48.6,55.6,56.1,0.0,0.0,0.0,0.0,0.0,0.0799999999999983,0.08000000000000185,1003.9,1003.8,1003.3,1004.2,1004.5,1.3,2.1,2.7,1.3,2.1
4577,27.0,25.9,26.5,26.3,26.0,26.1,53.2,58.4,49.0,56.5,57.0,0.0,0.0,0.0,0.0,0.0,0.05000000000000071,0.07000000000000027,1003.9,1003.9,1003.5,1004.4,1004.6,2.0,1.8,2.4,1.8,2.9
4578,26.5,25.5,26.1,26.1,25.7,25.8,54.3,60.9,49.3,56.9,58.0,0.0,0.0,0.0,0.0,0.0,0.05999999999999873,0.049999999999997165,1004.1,1004.1,1003.6,1004.4,1004.6,1.2,1.5,1.9,2.3,3.8
4579,26.0,25.2,25.9,25.8,25.2,25.6,55.8,62.5,49.3,58.0,60.0,0.0,0.0,0.0,0.0,0.0,0.030000000000001137,0.030000000000001137,1004.2,1004.2,1003.7,1004.5,1004.6,1.3,2.1,1.9,1.4,2.3
4580,26.0,24.9,25.7,25.7,24.9,25.2,56.8,63.7,50.6,58.8,61.2,0.0,0.0,0.0,0.0,0.0,0.030000000000001137,0.01999999999999957,1004.3,1004.2,1003.8,1004.5,1004.6,0.7,2.4,1.6,1.4,2.7
4581,25.5,24.6,25.4,25.2,24.3,24.8,59.3,64.9,52.0,61.2,63.3,0.0,0.0,0.0,0.0,0.0,0.009999999999998009,0.010000000000001565,1004.3,1004.3,1003.7,1004.5,1004.7,1.9,2.5,1.4,1.2,2.9
4582,25.0,24.5,24.9,24.8,23.6,24.4,63.5,65.7,53.9,64.4,64.4,0.0,0.0,0.0,0.0,0.0,0.010000000000001565,0.009999999999998009,1004.4,1004.1,1003.8,1004.7,1004.9,1.6,2.1,0.6,1.3,3.3
4583,25.0,24.1,24.7,24.6,22.7,24.0,68.5,66.9,56.4,66.6,65.9,0.0,0.0,0.0,0.0,0.0,0.009999999999998009,0.0,1004.4,1004.3,1004.0,1004.7,1004.9,2.4,2.4,0.7,0.9,1.3
4584,24.5,24.0,24.5,24.3,22.4,23.5,68.8,67.3,58.7,67.8,67.2,0.0,0.0,0.0,0.0,0.0,0.0,0.0,1004.6,1004.5,1004.2,1004.8,1005.0,1.2,2.5,0.5,0.0,2.3
4585,24.5,23.7,24.3,24.1,21.9,22.7,71.2,68.1,63.5,69.0,68.4,0.0,0.0,0.0,0.0,0.0,0.0,0.0,1004.7,1004.6,1004.4,1004.9,1005.1,2.3,2.1,0.4,0.0,1.9
4586,24.0,23.5,24.2,24.0,21.5,22.2,72.6,69.1,65.7,69.1,68.3,0.0,0.0,0.0,0.0,0.0,0.0,0.0,1004.7,1004.8,1004.5,1005.0,1005.1,3.5,1.6,0.0,0.0,1.5
4587,24.0,23.3,23.9,23.7,21.3,21.7,74.6,70.0,67.9,70.2,68.8,0.0,0.0,0.0,0.0,0.0,0.0,0.0,1004.8,1004.9,1004.7,1005.2,1005.3,2.2,1.0,0.0,0.6,2.0
4588,24.0,23.1,23.7,23.7,21.3,21.3,74.2,70.5,70.3,71.3,68.9,0.0,0.0,0.0,0.0,0.0,0.0,0.0,1005.0,1005.2,1004.7,1005.5,1005.5,1.4,0.9,0.0,0.9,1.1
4589,23.5,23.1,23.5,23.6,21.2,21.1,74.1,70.9,70.2,72.2,69.5,0.0,0.0,0.0,0.0,0.0,0.0,0.0,1005.2,1005.4,1005.0,1005.7,1005.6,2.4,0.3,0.0,0.6,1.5
4590,23.5,23.1,23.4,23.5,20.6,21.0,77.4,69.6,70.2,72.7,70.2,0.0,0.0,0.0,0.0,0.0,0.0,0.0,1005.4,1005.6,1005.3,1005.7,1005.8,1.1,2.2,1.0,0.5,0.9
4591,23.5,23.1,23.2,23.3,21.1,20.9,76.6,69.2,70.7,73.1,71.4,0.0,0.0,0.0,0.0,0.0,0.0,0.0,1005.6,1005.7,1005.3,1005.9,1006.0,1.1,1.1,1.0,0.0,2.2
4592,23.0,22.8,23.1,23.3,21.0,20.8,78.1,70.3,71.7,73.6,71.5,0.0,0.0,0.0,0.0,0.0,0.0,0.0,1005.8,1005.9,1005.5,1006.1,1006.0,1.7,1.2,0.7,0.0,1.2
4593,23.0,22.5,22.8,23.3,20.9,20.9,78.9,71.5,70.7,74.5,71.6,0.0,0.0,0.0,0.0,0.0,0.0,0.0,1005.8,1005.9,1005.6,1006.1,1006.1,1.2,1.3,0.9,0.0,0.9
4594,23.0,22.3,22.7,23.2,20.9,20.5,80.6,72.6,72.3,74.9,71.7,0.0,0.0,0.0,0.0,0.0,0.0,0.0,1005.9,1006.1,1005.7,1006.1,1006.1,1.6,2.8,1.0,0.0,1.2
4595,22.5,22.1,22.5,23.0,20.9,20.3,81.3,73.3,74.0,75.7,72.7,0.0,0.0,0.0,0.0,0.0,0.0,0.0,1005.8,1006.2,1005.8,1006.2,1006.2,1.8,1.9,1.4,1.2,0.5
4596,22.5,21.9,22.4,22.8,20.5,20.2,83.6,74.2,74.9,76.6,73.0,0.0,0.0,0.0,0.0,0.0,0.0,0.0,1005.9,1006.3,1005.9,1006.4,1006.4,1.5,2.0,0.0,0.8,0.7
4597,22.5,21.8,22.3,22.7,20.4,20.2,83.4,75.8,75.0,77.0,73.9,0.0,0.0,0.0,0.0,0.0,0.0,0.0,1005.9,1006.3,1005.8,1006.4,1006.4,1.4,1.5,0.2,0.0,1.2
4598,22.0,21.7,22.3,22.6,20.2,20.3,84.7,76.0,75.8,77.1,74.5,0.0,0.0,0.0,0.0,0.0,0.0,0.0,1005.9,1006.3,1006.0,1006.4,1006.5,1.2,1.7,0.8,0.9,0.7
4599,22.0,21.7,22.2,22.3,20.5,20.3,84.2,76.8,76.1,77.7,75.1,0.0,0.0,0.0,0.0,0.0,0.0,0.0,1005.8,1006.4,1005.9,1006.5,1006.4,1.1,1.1,0.0,0.9,1.2
4600,22.0,21.5,22.2,22.2,20.1,20.3,85.9,78.8,76.4,77.5,76.0,0.0,0.0,0.0,0.0,0.0,0.0,0.0,1005.9,1006.4,1006.0,1006.5,1006.5,1.6,2.6,0.0,0.2,1.5
4601,22.0,21.2,22.2,22.1,20.3,20.1,84.4,81.0,77.6,77.8,76.8,0.0,0.0,0.0,0.0,0.0,0.0,0.0,1005.9,1006.4,1005.9,1006.4,1006.6,1.7,1.4,0.3,0.4,1.5
4602,22.0,21.2,22.0,22.0,20.2,19.8,84.7,81.3,78.9,78.3,77.0,0.0,0.0,0.0,0.0,0.0,0.0,0.0,1006.1,1006.5,1006.0,1006.5,1006.7,0.5,1.9,1.0,0.5,0.2
4603,22.0,20.3,21.9,22.0,20.1,19.8,85.2,85.5,79.6,78.8,77.2,0.0,0.0,0.0,0.0,0.0,0.0,0.0,1006.2,1006.5,1006.0,1006.6,1006.8,1.4,1.9,0.4,0.6,0.9
4604,21.5,20.3,21.7,21.8,20.1,19.6,84.4,85.2,80.4,79.5,77.5,0.0,0.0,0.0,0.0,0.0,0.0,0.0,1006.4,1006.6,1006.0,1006.7,1007.0,0.9,1.9,1.0,0.9,0.5
4605,21.5,19.9,21.7,21.7,19.8,19.5,86.6,87.7,81.2,79.4,77.8,0.0,0.0,0.0,0.0,0.0,0.0,0.0,1006.4,1006.3,1006.1,1006.8,1006.9,1.1,2.4,0.6,0.9,0.8
4606,21.5,19.7,21.6,21.7,19.6,19.5,87.7,89.2,81.9,80.2,78.3,0.0,0.0,0.0,0.0,0.0,0.0,0.0,1006.4,1006.2,1006.2,1006.8,1006.7,1.0,0.8,1.3,0.7,0.8
4607,21.5,20.3,21.6,21.6,19.6,19.6,88.2,86.5,80.9,80.5,78.4,0.0,0.0,0.0,0.0,0.0,0.0,0.0,1006.3,1006.5,1006.2,1006.7,1006.9,0.7,2.0,0.7,1.6,0.8
4608,21.5,20.4,21.3,21.6,19.9,19.3,85.5,84.9,81.6,81.4,78.6,0.0,0.0,0.0,0.0,0.0,0.0,0.0,1006.2,1006.2,1006.2,1006.8,1006.9,0.3,0.8,0.4,0.0,1.1
4609,21.5,20.4,21.2,21.6,19.7,19.0,85.7,84.4,83.8,82.0,78.6,0.0,0.0,0.0,0.0,0.0,0.0,0.0,1006.1,1006.4,1006.2,1006.7,1006.8,0.0,0.2,0.0,0.0,1.0
4610,21.5,20.4,21.2,21.6,19.3,19.1,87.8,84.3,84.0,82.6,78.7,0.0,0.0,0.0,0.0,0.0,0.0,0.0,1006.2,1006.4,1006.1,1006.7,1006.9,0.2,0.8,0.0,0.0,1.0
4611,21.0,20.5,21.1,21.5,19.0,19.4,88.5,84.1,82.3,83.0,79.1,0.0,0.0,0.0,0.0,0.0,0.0,0.0,1006.1,1006.3,1006.0,1006.6,1006.7,0.3,0.2,0.4,0.0,1.1
4612,21.0,20.6,21.1,21.5,19.0,19.3,88.4,83.0,82.4,83.4,79.1,0.0,0.0,0.0,0.0,0.0,0.0,0.0,1006.2,1006.4,1006.0,1006.6,1006.8,1.1,0.3,0.0,0.0,0.6
4613,21.0,20.6,21.0,21.6,19.2,19.3,87.4,82.6,82.7,83.8,78.6,0.0,0.0,0.0,0.0,0.0,0.0,0.0,1006.2,1006.4,1006.0,1006.7,1006.8,1.2,0.9,0.3,0.0,0.6
4614,21.0,20.5,20.7,21.5,19.1,19.3,88.4,83.1,83.5,84.7,78.4,0.0,0.0,0.0,0.0,0.0,0.0,0.0,1006.1,1006.3,1006.0,1006.6,1006.7,0.9,1.2,0.7,0.0,1.1
4615,20.5,20.4,20.7,21.2,19.0,19.2,89.0,83.7,83.6,84.6,78.2,0.0,0.0,0.0,0.0,0.0,0.0,0.0,1006.1,1006.1,1005.9,1006.6,1006.6,0.9,1.5,0.0,0.0,0.9
4616,20.5,20.2,20.6,21.2,19.2,19.2,88.2,84.3,83.0,84.9,77.8,0.0,0.0,0.0,0.0,0.0,0.0,0.0,1006.0,1006.2,1005.9,1006.5,1006.4,0.4,2.1,0.1,0.0,1.3
4617,20.5,20.1,20.6,21.2,18.8,19.3,89.5,85.5,83.4,84.7,78.5,0.0,0.0,0.0,0.0,0.0,0.0,0.0,1006.0,1006.0,1005.7,1006.4,1006.3,0.5,0.8,0.4,0.0,1.3
4618,20.5,19.9,20.7,21.1,18.7,19.1,90.2,87.2,83.5,85.1,78.9,0.0,0.0,0.0,0.0,0.0,0.0,0.0,1006.1,1006.0,1005.8,1006.4,1006.3,1.1,0.7,1.3,0.0,1.4
4619,20.5,19.9,20.5,20.9,18.5,19.2,90.2,87.4,82.5,86.2,79.2,0.0,0.0,0.0,0.0,0.0,0.0,0.0,1006.0,1006.0,1005.9,1006.3,1006.3,0.7,2.4,1.1,0.0,1.4
4620,20.5,19.9,20.5,20.8,18.3,19.0,90.9,87.1,83.4,87.0,79.2,0.0,0.0,0.0,0.0,0.0,0.0,0.0,1006.0,1006.1,1005.8,1006.3,1006.3,1.0,1.4,0.1,0.0,0.6
4621,20.5,19.7,20.5,20.7,18.0,18.9,92.1,88.6,84.3,86.9,79.2,0.0,0.0,0.0,0.0,0.0,0.0,0.0,1005.9,1006.1,1005.8,1006.2,1006.2,0.6,2.0,0.0,0.0,1.7
4622,20.5,19.6,20.5,20.5,18.0,18.7,92.2,88.5,85.4,87.2,78.9,0.0,0.0,0.0,0.0,0.0,0.0,0.0,1005.9,1006.0,1005.9,1006.2,1006.0,1.1,2.5,0.0,0.0,1.4
4623,20.5,19.6,20.5,20.3,18.0,18.3,92.9,88.4,87.8,87.7,78.5,0.0,0.0,0.0,0.0,0.0,0.0,0.0,1005.8,1005.9,1005.9,1006.2,1006.0,0.9,2.3,0.0,0.0,1.4
4624,20.5,19.6,20.5,20.2,18.0,18.2,92.7,88.4,88.7,88.0,78.5,0.0,0.0,0.0,0.0,0.0,0.0,0.0,1005.9,1006.1,1005.8,1006.2,1006.0,0.8,2.0,0.1,0.0,1.5
4625,20.5,19.4,20.5,20.1,18.3,18.1,92.5,89.9,88.7,87.7,78.0,0.0,0.0,0.0,0.0,0.0,0.0,0.0,1006.0,1006.1,1005.8,1006.3,1006.2,0.5,2.3,0.8,0.0,1.5
4626,20.5,19.3,20.5,20.1,18.1,18.0,91.8,90.2,89.7,88.0,77.2,0.0,0.0,0.0,0.0,0.0,0.0,0.0,1005.9,1006.1,1005.8,1006.2,1006.1,1.3,1.5,0.4,0.0,1.7
4627,21.0,19.3,20.5,20.0,18.0,18.1,92.0,90.7,89.5,88.1,77.0,0.0,0.0,0.0,0.0,0.0,0.0,0.0,1005.9,1006.1,1005.9,1006.2,1006.1,0.9,2.5,0.0,0.0,1.4
4628,21.0,19.3,20.5,19.8,17.9,18.1,92.7,91.3,89.2,88.0,76.4,0.0,0.0,0.0,0.0,0.0,0.0,0.0,1006.0,1006.1,1005.9,1006.2,1006.2,0.4,1.7,0.7,0.0,1.5
4629,21.0,19.3,20.5,19.8,18.0,18.3,92.8,91.6,87.5,88.0,76.4,0.0,0.0,0.0,0.0,0.0,0.0,0.0,1006.0,1006.0,1005.9,1006.2,1006.2,0.8,2.0,0.8,0.0,0.6
4630,20.5,19.3,20.4,19.7,17.8,18.1,92.9,91.7,87.7,88.3,76.8,0.0,0.0,0.0,0.0,0.0,0.0,0.0,1006.0,1006.1,1005.9,1006.3,1006.2,0.9,1.1,0.5,0.0,0.2
4631,20.5,19.1,20.3,19.7,17.6,17.9,93.3,92.1,89.1,88.3,76.0,0.0,0.0,0.0,0.0,0.0,0.0,0.0,1006.0,1006.1,1006.0,1006.3,1006.2,0.5,2.2,0.0,0.0,0.5
4632,20.5,18.7,20.2,19.7,17.5,17.5,93.9,93.7,89.8,88.9,75.9,0.0,0.0,0.0,0.0,0.0,0.0,0.0,1006.1,1006.2,1006.1,1006.4,1006.3,0.6,1.1,0.0,0.0,0.7
4633,20.5,18.8,20.1,19.6,17.3,17.4,94.1,94.2,90.9,88.8,74.9,0.0,0.0,0.0,0.0,0.0,0.0,0.0,1006.1,1006.4,1006.2,1006.4,1006.3,0.2,1.4,0.0,0.0,1.1
4634,20.5,18.7,20.1,19.6,17.5,17.6,94.5,94.5,91.0,88.9,74.7,0.0,0.0,0.0,0.0,0.0,0.0,0.0,1006.1,1006.3,1006.2,1006.4,1006.4,1.0,2.4,0.0,0.0,1.1
4635,20.0,18.6,20.0,19.5,17.7,17.4,94.2,95.0,91.0,88.8,74.8,0.0,0.0,0.0,0.0,0.0,0.0,0.0,1006.2,1006.5,1006.3,1006.5,1006.3,0.0,1.9,0.4,0.0,1.5
4636,20.0,18.6,19.8,19.3,17.8,17.3,93.5,95.4,91.3,89.0,74.8,0.0,0.0,0.0,0.0,0.0,0.0,0.0,1006.3,1006.5,1006.2,1006.5,1006.3,1.1,1.5,0.2,0.0,1.9
4637,20.0,18.6,19.7,19.3,17.6,17.2,93.4,95.1,91.5,89.5,75.1,0.0,0.0,0.0,0.0,0.0,0.0,0.0,1006.3,1006.4,1006.4,1006.4,1006.3,0.5,1.4,0.5,0.0,1.2
4638,19.5,18.7,19.7,19.2,17.5,17.2,93.8,95.0,91.9,89.9,75.4,0.0,0.0,0.0,0.0,0.0,0.0,0.0,1006.3,1006.4,1006.3,1006.4,1006.5,0.9,0.7,0.7,0.0,1.7
4639,19.5,18.6,19.5,19.2,17.4,17.1,93.9,95.0,92.2,89.8,75.6,0.0,0.0,0.0,0.0,0.0,0.0,0.0,1006.3,1006.4,1006.3,1006.5,1006.5,0.0,2.7,0.5,0.0,1.2
4640,19.5,18.7,19.4,19.0,17.2,16.9,94.1,95.2,91.7,90.1,76.0,0.0,0.0,0.0,0.0,0.0,0.0,0.0,1006.2,1006.5,1006.3,1006.5,1006.6,0.7,1.6,0.4,0.0,1.2
4641,19.5,18.8,19.3,19.0,17.2,17.0,94.6,95.1,92.0,90.5,76.4,0.0,0.0,0.0,0.0,0.0,0.0,0.0,1006.3,1006.6,1006.3,1006.6,1006.6,0.5,1.5,0.6,0.0,2.7
4642,19.0,18.8,19.2,19.0,17.0,16.9,94.2,94.9,91.9,90.9,76.5,0.0,0.0,0.0,0.0,0.0,0.01,0.01,1006.3,1006.7,1006.3,1006.6,1006.6,1.2,1.3,0.7,0.0,0.7
4643,19.0,18.8,19.3,19.0,17.1,17.0,94.3,95.0,91.7,90.8,75.8,0.0,0.0,0.0,0.0,0.0,0.02,0.02,1006.4,1006.7,1006.3,1006.7,1006.6,0.6,1.4,0.0,0.0,1.0
4644,19.5,19.0,19.4,19.1,17.1,17.1,94.3,94.3,91.6,90.4,75.4,0.0,0.0,0.0,0.0,0.0,0.040000000000000015,0.03,1006.4,1006.7,1006.5,1006.6,1006.6,1.4,1.8,0.0,0.0,0.0
4645,19.5,19.1,19.4,19.2,17.3,17.2,94.3,93.1,91.5,90.4,74.7,0.0,0.0,0.0,0.0,0.0,0.03,0.040000000000000015,1006.5,1006.7,1006.5,1006.7,1006.6,0.7,2.7,0.4,0.0,0.1
4646,19.5,19.1,19.6,19.2,17.6,17.3,93.4,91.9,90.6,90.1,75.1,0.0,0.0,0.0,0.0,0.0,0.04999999999999999,0.04999999999999999,1006.5,1006.7,1006.5,1006.7,1006.7,0.6,2.8,0.4,0.0,0.9
4647,20.0,19.1,19.7,19.3,18.0,17.6,92.3,91.9,90.6,89.3,74.4,0.0,0.0,0.0,0.0,0.0,0.08000000000000003,0.07,1006.6,1006.7,1006.5,1006.8,1006.7,0.7,2.2,0.2,0.0,1.5
4648,20.5,19.4,19.9,19.3,18.3,17.9,89.5,91.7,88.8,88.8,74.3,0.0,0.0,0.0,0.0,0.0,0.06999999999999998,0.07999999999999999,1006.6,1006.8,1006.5,1006.9,1006.8,0.9,1.9,0.8,0.0,1.7
4649,21.0,19.4,20.2,19.7,18.5,18.4,88.8,88.5,86.5,88.6,73.7,0.0,0.0,0.0,0.0,0.0,0.10000000000000003,0.09000000000000002,1006.8,1006.7,1006.6,1006.9,1006.8,0.5,1.1,0.8,0.0,1.3
4650,21.0,19.8,20.4,19.7,18.9,18.9,87.4,85.8,83.7,87.9,72.8,0.0,0.0,0.0,0.0,0.0,0.09999999999999998,0.12,1006.9,1006.9,1006.7,1007.0,1006.8,1.1,2.2,0.6,0.0,1.9
4651,22.0,20.3,20.7,19.8,19.4,19.3,86.2,82.3,82.3,86.9,73.0,0.0,0.0,0.0,0.0,0.0,0.11,0.13,1006.8,1006.8,1006.7,1007.1,1006.9,0.8,2.3,0.9,0.0,3.1
4652,22.5,20.6,20.9,20.0,19.5,19.7,83.5,78.8,79.0,85.9,72.7,0.0,0.0,0.0,0.0,0.0,0.11,0.16000000000000006,1006.8,1007.0,1006.8,1007.0,1007.0,1.2,2.5,0.9,0.0,3.1
4653,23.5,20.9,21.2,20.2,20.3,20.4,79.5,76.1,77.5,84.7,72.6,0.0,0.0,0.0,0.0,0.0,0.11,0.16999999999999993,1006.9,1007.0,1006.9,1007.1,1007.0,1.4,2.6,0.6,0.2,2.6
4654,24.0,21.2,21.5,20.8,20.9,20.7,75.9,75.8,76.3,83.7,70.7,0.0,0.0,0.0,0.0,0.0,0.19000000000000009,0.18999999999999995,1006.9,1007.0,1006.7,1007.1,1007.1,1.2,1.3,0.5,0.0,1.7
4655,25.0,21.0,21.9,21.2,21.6,20.9,68.6,75.6,76.1,81.3,68.2,0.0,0.0,0.0,0.0,0.0,0.22,0.22,1006.9,1007.0,1006.6,1007.0,1007.1,0.2,1.6,0.7,0.0,1.7
4656,25.5,21.9,22.0,21.3,21.5,20.9,67.2,73.7,74.3,80.3,65.8,0.0,0.0,0.0,0.0,0.0,0.23,0.2300000000000002,1006.9,1007.1,1006.5,1007.1,1007.0,0.8,2.4,2.1,1.3,2.3
4657,26.5,22.0,22.6,21.6,22.0,21.2,66.2,74.4,73.0,79.9,66.6,0.0,0.0,0.0,0.0,0.0,0.26,0.25,1006.9,1007.0,1006.6,1007.1,1006.9,0.8,1.5,2.7,1.7,1.6
4658,28.0,22.4,22.7,21.8,22.4,22.0,62.7,73.0,70.9,77.9,65.1,0.0,0.0,0.0,0.0,0.0,0.27,0.24,1006.8,1006.8,1006.5,1007.0,1006.9,0.9,2.6,0.3,1.6,1.6
4659,28.5,22.2,23.0,22.1,22.3,22.0,63.1,70.8,70.5,77.1,65.9,0.0,0.0,0.0,0.0,0.0,0.2999999999999998,0.25,1006.7,1006.8,1006.5,1007.0,1006.9,1.0,2.0,1.5,1.9,1.3
4660,29.0,22.3,23.5,22.6,22.7,22.3,61.8,72.6,66.9,73.5,64.8,0.0,0.0,0.0,0.0,0.0,0.3400000000000003,0.33999999999999986,1006.6,1006.7,1006.4,1006.9,1007.0,3.3,1.3,0.7,3.1,0.6
4661,30.0,22.1,24.1,23.1,23.0,22.3,62.0,73.5,66.7,69.5,62.9,0.0,0.0,0.0,0.0,0.0,0.3500000000000001,0.33999999999999986,1006.5,1006.7,1006.3,1006.8,1007.0,3.0,1.6,1.8,1.5,1.7
4662,31.0,22.6,24.2,23.1,22.9,22.6,60.9,71.9,66.9,67.9,62.3,0.0,0.0,0.0,0.0,0.0,0.34999999999999964,0.3400000000000003,1006.5,1006.7,1006.3,1006.8,1007.0,1.7,0.5,1.6,2.6,0.8
4663,31.5,22.9,24.7,23.3,23.4,23.0,62.4,70.6,64.8,65.9,62.2,0.0,0.0,0.0,0.0,0.0,0.4000000000000004,0.3899999999999997,1006.6,1006.7,1006.3,1006.9,1007.1,2.7,1.4,1.7,1.5,1.8
4664,31.0,22.8,25.1,23.5,23.3,23.5,61.7,71.1,64.6,65.6,61.2,0.0,0.0,0.0,0.0,0.0,0.3899999999999997,0.4000000000000004,1006.7,1006.7,1006.3,1007.0,1007.0,3.0,0.9,4.3,1.6,1.4
4665,30.5,23.4,25.2,24.0,23.6,23.1,61.2,69.1,64.7,63.4,60.4,0.0,0.0,0.0,0.0,0.0,0.4199999999999999,0.3899999999999997,1006.7,1006.6,1006.3,1006.9,1007.1,2.1,1.3,4.2,1.3,1.0
4666,30.0,23.6,24.8,24.9,23.5,23.2,60.3,69.2,63.8,63.1,57.8,0.0,0.0,0.0,0.0,0.0,0.4300000000000006,0.3600000000000003,1006.6,1006.6,1006.4,1006.8,1007.0,1.5,2.9,2.5,1.5,0.2
4667,30.0,24.0,25.1,24.5,24.2,24.0,60.1,68.6,60.5,64.4,60.4,0.0,0.0,0.0,0.0,0.0,0.46,0.3799999999999999,1006.6,1006.4,1006.2,1006.8,1007.0,2.8,1.2,2.0,0.0,0.6
4668,32.5,24.8,25.9,24.6,24.4,24.0,58.7,65.8,58.3,63.4,57.2,0.0,0.0,0.0,0.0,0.0,0.46,0.4799999999999995,1006.5,1006.4,1006.2,1006.6,1006.8,2.9,1.6,2.8,2.9,1.0
4669,34.0,24.6,26.1,24.8,25.0,24.9,55.8,65.7,56.6,60.3,57.6,0.0,0.0,0.0,0.0,0.0,0.29000000000000004,0.5100000000000007,1006.4,1006.5,1006.2,1006.7,1006.9,1.7,1.7,0.7,1.7,2.4
4670,33.5,24.5,26.4,24.6,25.0,24.5,56.2,66.6,56.3,60.1,57.9,0.0,0.0,0.0,0.0,0.0,0.33999999999999986,0.5299999999999994,1006.5,1006.2,1006.2,1006.7,1006.9,1.8,1.1,2.8,1.2,0.8
4671,33.5,24.5,26.3,25.4,24.8,24.9,56.0,67.2,56.1,58.3,54.9,0.0,0.0,0.0,0.0,0.0,0.5,0.4800000000000004,1006.4,1006.4,1006.2,1006.6,1007.0,1.7,1.7,3.1,0.2,3.0
4672,34.5,24.2,25.7,25.8,24.6,24.9,55.3,67.6,55.6,60.0,54.1,0.0,0.0,0.0,0.0,0.0,0.5800000000000001,0.33999999999999986,1006.5,1006.4,1006.3,1006.7,1007.0,1.6,0.6,2.4,2.3,1.4
4673,36.0,25.1,25.7,26.0,24.2,25.8,57.2,66.2,53.2,61.7,54.1,0.0,0.0,0.0,0.0,0.0,0.4899999999999993,0.3100000000000005,1006.4,1006.2,1006.1,1006.7,1007.0,0.4,2.2,3.3,0.1,0.7
4674,37.5,25.1,25.8,25.9,24.7,24.9,56.4,64.7,55.3,60.2,51.4,0.0,0.0,0.0,0.0,0.0,0.5800000000000001,0.2700000000000005,1006.4,1006.3,1006.3,1006.6,1006.9,1.0,1.2,0.9,0.2,1.8
4675,39.0,26.1,26.6,25.7,26.9,25.7,51.1,63.0,54.1,61.4,52.9,0.0,0.0,0.0,0.0,0.0,0.5500000000000007,0.5299999999999994,1006.2,1006.1,1006.0,1006.5,1006.8,2.4,0.7,2.2,1.7,1.0
4676,40.0,25.5,26.3,25.8,25.2,25.5,54.3,62.0,54.0,58.5,53.0,0.0,0.0,0.0,0.0,0.0,0.33999999999999986,0.5800000000000001,1006.1,1006.0,1005.9,1006.4,1006.7,0.5,1.7,1.6,1.2,1.8
4677,40.5,25.3,27.2,26.6,26.1,25.7,50.1,63.8,52.5,58.7,50.1,0.0,0.0,0.0,0.0,0.0,0.5299999999999994,0.6500000000000004,1005.9,1006.0,1005.8,1006.3,1006.7,0.9,0.6,1.9,1.7,2.2
4678,41.0,25.9,27.4,26.4,25.6,25.9,52.4,60.7,53.1,55.7,49.6,0.0,0.0,0.0,0.0,0.0,0.5,0.5899999999999999,1006.0,1005.9,1005.8,1006.2,1006.6,0.6,0.7,1.8,1.3,0.9
4679,41.5,25.9,27.6,27.0,26.1,25.7,52.0,60.0,51.3,55.6,48.0,0.0,0.0,0.0,0.0,0.0,0.4600000000000009,0.6099999999999994,1005.8,1005.8,1005.7,1006.2,1006.5,2.1,1.2,1.9,1.2,2.3
4680,41.0,26.8,27.4,26.4,26.4,27.4,51.2,61.9,48.8,56.4,48.5,0.0,0.0,0.0,0.0,0.0,0.33999999999999986,0.27999999999999936,1005.9,1005.4,1005.6,1006.1,1006.5,0.2,0.8,2.4,1.7,2.0
4681,41.0,27.1,27.5,27.3,26.8,27.3,49.7,55.9,47.1,56.2,47.4,0.0,0.0,0.0,0.0,0.0,0.6699999999999999,0.4199999999999999,1005.7,1005.5,1005.5,1006.0,1006.3,1.2,0.2,3.9,1.8,1.5
4682,40.0,27.4,27.6,26.5,26.1,26.2,50.0,58.5,51.9,56.4,52.6,0.0,0.0,0.0,0.0,0.0,0.25,0.4900000000000002,1005.6,1005.5,1005.4,1006.0,1006.2,1.4,1.7,2.7,2.4,1.9
4683,40.0,26.8,27.7,26.7,26.6,25.7,51.1,54.8,53.1,52.3,52.9,0.0,0.0,0.0,0.0,0.0,0.16000000000000014,0.5400000000000009,1005.4,1005.5,1005.3,1005.9,1006.1,1.2,2.1,1.7,1.5,0.7
4684,40.0,27.1,27.5,26.4,27.5,26.0,47.4,52.9,51.5,54.4,53.1,0.0,0.0,0.0,0.0,0.0,0.28999999999999915,0.3200000000000003,1005.4,1005.5,1005.2,1005.8,1005.9,0.9,1.6,1.9,0.0,1.4
4685,39.0,27.4,27.7,27.4,25.9,26.3,47.8,54.3,51.9,56.0,49.5,0.0,0.0,0.0,0.0,0.0,0.4600000000000009,0.5199999999999996,1005.2,1005.4,1005.1,1005.7,1005.7,2.0,1.1,1.2,2.8,2.3
4686,38.0,27.3,27.4,27.5,26.9,27.1,47.5,51.5,49.4,53.5,50.3,0.0,0.0,0.0,0.0,0.0,0.3200000000000003,0.2599999999999998,1005.1,1005.1,1004.9,1005.5,1005.6,1.3,2.4,2.4,2.6,1.8
4687,38.0,27.4,28.0,27.5,27.2,28.3,48.4,52.8,47.3,54.0,48.5,0.0,0.0,0.0,0.0,0.0,0.4799999999999986,0.5099999999999998,1005.0,1004.8,1004.8,1005.4,1005.5,1.2,1.0,1.3,1.8,2.9
4688,38.5,27.1,28.0,27.7,27.4,28.3,46.2,51.4,46.1,53.0,48.7,0.0,0.0,0.0,0.0,0.0,0.3500000000000014,0.37000000000000105,1004.9,1004.6,1004.6,1005.2,1005.4,0.8,2.5,2.9,2.1,0.6
4689,38.5,27.3,27.7,27.2,26.9,28.0,46.6,52.7,47.4,53.9,49.5,0.0,0.0,0.0,0.0,0.0,0.17999999999999972,0.16999999999999993,1004.8,1004.6,1004.5,1005.2,1005.4,2.2,1.1,2.4,2.0,0.8
4690,37.0,27.1,27.6,27.4,27.7,26.9,44.6,51.5,50.3,55.9,48.2,0.0,0.0,0.0,0.0,0.0,0.2599999999999998,0.16000000000000014,1004.7,1004.7,1004.4,1005.1,1005.3,1.0,0.1,0.8,2.3,1.9
4691,37.5,28.1,27.9,27.6,28.1,26.3,44.8,51.1,49.5,53.6,47.5,0.0,0.0,0.0,0.0,0.0,0.3699999999999992,0.4599999999999991,1004.7,1004.7,1004.3,1005.1,1005.3,1.6,0.7,2.5,2.3,1.1
4692,36.0,27.8,28.4,27.7,28.7,26.8,43.4,51.9,51.7,51.9,47.1,0.0,0.0,0.0,0.0,0.0,0.20000000000000107,0.5999999999999996,1004.7,1004.6,1004.2,1004.9,1005.2,0.8,1.5,3.0,2.7,1.6
4693,34.5,27.0,28.5,27.7,27.3,27.0,42.8,52.4,50.4,54.0,46.6,0.0,0.0,0.0,0.0,0.0,0.1399999999999988,0.21999999999999886,1004.7,1004.6,1004.3,1004.9,1005.2,1.3,3.0,1.2,2.1,0.3
4694,34.0,27.1,28.0,28.2,27.4,28.4,45.0,51.7,45.8,54.2,47.4,0.0,0.0,0.0,0.0,0.0,0.3200000000000003,0.21000000000000085,1004.6,1004.3,1004.3,1005.0,1005.2,1.5,1.4,1.9,1.5,1.4
4695,34.0,26.7,28.4,27.7,27.3,29.5,48.1,58.4,45.0,52.6,45.8,0.0,0.0,0.0,0.0,0.0,0.20999999999999908,0.5,1004.5,1004.1,1004.4,1004.8,1005.2,0.0,0.4,2.7,2.1,2.4
4696,33.5,26.3,28.3,29.0,26.8,27.5,48.1,60.2,48.9,51.8,42.6,0.0,0.0,0.0,0.0,0.0,0.5700000000000003,0.2200000000000024,1004.4,1004.3,1004.3,1004.8,1005.2,0.0,1.1,3.0,2.2,3.7
4697,33.5,26.1,28.2,29.1,27.5,28.0,46.4,60.8,49.0,52.7,42.7,0.0,0.0,0.0,0.0,0.0,0.490000000000002,0.11999999999999746,1004.4,1004.3,1004.2,1004.6,1005.2,0.6,2.5,2.3,2.1,3.8
4698,33.5,24.3,28.7,28.7,27.2,28.5,46.8,72.7,46.4,53.3,44.5,0.0,0.0,0.0,0.0,0.0,0.23000000000000045,0.41000000000000014,1004.3,1004.1,1004.1,1004.6,1005.3,1.0,1.2,2.0,2.4,5.7
4699,33.0,22.9,29.2,28.6,27.6,28.3,46.9,84.7,49.3,48.4,44.0,0.0,0.0,0.0,0.0,0.5,0.2099999999999973,0.5899999999999999,1004.3,1004.0,1004.2,1004.5,1005.2,0.7,2.8,2.9,2.0,2.8
4700,33.0,24.0,29.5,29.3,26.9,27.4,46.8,85.6,48.4,48.2,43.0,0.0,0.0,0.0,0.0,0.0,0.39000000000000057,0.5300000000000011,1004.2,1004.1,1004.1,1004.4,1005.2,0.5,1.8,2.1,2.0,2.2
4701,33.0,24.5,29.7,29.1,26.7,27.3,47.6,80.3,48.3,47.5,43.4,0.0,0.0,0.0,0.0,0.0,0.33999999999999986,0.5399999999999991,1004.2,1004.1,1004.1,1004.3,1005.2,2.4,3.4,2.1,0.0,2.0
4702,33.0,24.7,29.4,29.7,26.9,27.0,47.6,79.4,51.4,46.7,42.2,0.0,0.0,0.0,0.0,0.0,0.5,0.37000000000000105,1004.0,1004.2,1004.1,1004.2,1005.3,0.4,2.0,1.8,0.6,1.5
4703,33.0,25.1,29.1,29.5,26.5,25.8,48.1,79.9,54.7,47.8,41.0,0.0,0.0,0.0,0.0,0.0,0.4400000000000013,0.21999999999999886,1004.0,1004.4,1004.2,1004.3,1005.3,1.5,1.8,1.1,2.6,1.3
4704,32.5,24.9,28.7,29.6,26.1,25.3,49.1,78.8,58.4,48.9,40.1,0.0,0.0,0.0,0.0,0.0,0.4699999999999989,0.15000000000000213,1003.8,1004.4,1004.3,1004.3,1005.3,2.2,1.9,1.9,1.4,1.4
4705,32.5,24.9,28.6,29.9,25.6,25.6,52.6,78.5,57.2,48.6,39.4,0.0,0.0,0.0,0.0,0.0,0.4200000000000017,0.17999999999999972,1004.0,1004.4,1004.4,1004.3,1005.2,0.9,1.5,3.0,0.7,1.6
4706,32.5,25.2,28.7,30.1,25.1,26.9,56.4,75.0,52.5,50.2,37.6,0.0,0.0,0.0,0.0,0.0,0.3999999999999986,0.18999999999999773,1003.9,1004.3,1004.6,1004.3,1005.1,1.3,2.0,1.5,1.2,2.6
4707,32.5,25.3,28.8,29.7,21.2,27.9,80.1,72.9,50.0,49.9,38.3,0.0,0.0,2.5,0.0,0.0,0.3500000000000014,0.23000000000000045,1003.8,1004.1,1004.9,1004.2,1005.1,3.2,2.1,3.5,1.4,1.9
4708,32.5,26.3,28.8,29.9,21.1,28.1,86.4,69.3,43.9,51.7,38.0,0.0,0.0,0.0,0.0,0.0,0.35999999999999943,0.28000000000000114,1003.8,1003.9,1004.9,1004.3,1005.0,3.4,2.1,1.9,1.8,1.7
4709,32.5,25.8,29.0,29.8,20.9,28.1,83.9,68.7,43.9,49.3,38.2,0.0,0.0,0.0,0.0,0.0,0.35999999999999943,0.28999999999999915,1003.7,1003.9,1004.9,1004.1,1004.9,3.7,3.2,2.4,0.6,2.0
4710,32.0,26.6,28.4,30.0,21.7,28.0,83.5,62.2,42.9,49.7,38.8,0.0,0.0,0.0,0.0,0.0,0.21000000000000085,0.10000000000000142,1003.8,1003.8,1004.6,1004.2,1004.9,2.7,1.2,2.2,1.8,3.1
4711,31.5,26.7,28.1,28.9,22.2,27.6,76.7,64.1,44.0,50.0,37.9,0.0,0.0,0.0,0.0,0.0,0.09999999999999787,0.07000000000000027,1003.9,1003.7,1004.4,1004.2,1004.9,3.1,2.5,0.9,0.9,2.4
4712,30.5,26.7,27.8,28.8,22.1,25.1,78.3,61.4,60.8,51.9,37.9,0.0,0.0,0.0,0.0,0.0,0.07000000000000027,0.049999999999997165,1003.9,1004.3,1004.4,1004.3,1004.9,2.7,1.3,0.7,2.6,2.4
4713,29.5,26.6,27.5,28.8,22.2,23.8,79.3,63.5,69.3,52.2,43.7,0.0,0.0,0.0,0.0,0.0,0.23000000000000045,0.030000000000001137,1003.8,1004.3,1004.3,1004.4,1004.7,1.8,1.3,0.3,3.2,2.1
4714,29.0,26.3,27.3,28.9,22.3,23.0,78.3,62.6,69.6,53.6,44.5,0.0,0.0,0.0,0.0,0.0,0.2600000000000016,0.030000000000001137,1003.6,1004.4,1004.3,1004.3,1004.8,0.8,1.5,0.6,1.4,3.1
4715,28.5,26.3,27.2,29.2,22.2,23.2,80.1,63.5,71.9,54.3,41.9,0.0,0.0,0.0,0.0,0.0,0.25,0.01999999999999957,1003.7,1004.5,1004.3,1004.4,1004.8,1.2,2.4,0.8,1.8,3.4
4716,28.0,26.1,26.8,28.7,22.3,24.0,77.7,63.7,70.6,60.6,44.3,0.0,0.0,0.0,0.0,0.0,0.23000000000000045,0.03999999999999915,1003.7,1004.5,1004.2,1004.4,1004.9,2.2,1.9,1.0,1.9,4.3
4717,28.0,26.1,26.8,28.9,22.9,23.5,76.8,64.1,73.8,61.8,44.2,0.0,0.0,0.0,0.0,0.0,0.17999999999999972,0.060000000000002274,1003.8,1004.6,1004.1,1004.6,1004.9,1.5,1.1,0.4,2.2,2.9
4718,27.5,26.0,26.7,28.6,23.7,23.2,74.9,64.5,76.2,61.8,45.3,0.0,0.0,0.0,0.0,0.0,0.16000000000000014,0.049999999999997165,1003.9,1004.7,1004.1,1004.7,1004.9,1.1,0.7,0.7,1.7,2.5
4719,27.5,26.3,26.4,28.3,24.3,23.2,73.6,64.3,76.3,66.6,46.1,0.0,0.0,0.0,0.0,0.0,0.11999999999999746,0.05000000000000071,1004.0,1004.9,1004.2,1005.0,1005.0,2.7,1.1,0.5,2.1,1.2
4720,27.0,26.2,25.8,27.7,24.1,22.7,74.7,63.8,75.3,68.8,47.4,0.0,0.0,0.0,0.0,0.0,0.13000000000000256,0.01999999999999957,1004.1,1005.1,1004.4,1005.1,1005.1,1.5,1.4,0.1,2.2,0.8
4721,26.5,25.7,25.3,28.0,23.3,22.0,81.7,63.6,79.4,72.3,46.8,0.0,0.0,0.0,0.0,0.0,0.08999999999999986,0.030000000000001137,1004.3,1005.3,1004.6,1005.3,1005.3,2.7,1.0,1.0,1.1,2.5
4722,26.0,25.7,25.0,28.0,22.4,21.6,84.6,64.6,82.8,70.9,46.4,0.0,0.0,0.0,0.0,0.0,0.0799999999999983,0.030000000000001137,1004.4,1005.4,1004.7,1005.2,1005.3,0.3,0.8,1.1,2.0,1.5
4723,25.5,25.4,24.5,27.7,21.9,21.5,86.8,64.9,83.7,71.9,45.5,0.0,0.0,0.0,0.0,0.0,0.07000000000000027,0.01999999999999957,1004.4,1005.5,1004.8,1005.3,1005.4,2.2,0.0,0.9,0.0,2.2
4724,25.5,25.2,24.1,27.7,21.7,21.2,85.8,66.5,84.2,72.2,45.2,0.0,0.0,0.0,0.0,0.0,0.01999999999999957,0.01999999999999957,1004.4,1005.9,1005.0,1005.4,1005.5,0.7,0.7,0.6,1.6,1.4
4725,25.0,25.2,23.8,27.8,21.3,20.8,84.1,66.5,86.8,75.0,44.7,0.0,1.0,0.0,0.0,0.0,0.030000000000001137,0.009999999999998009,1004.6,1005.8,1005.2,1005.5,1005.6,1.7,1.5,1.3,0.8,1.6
4726,24.5,25.0,23.5,28.0,20.8,21.0,86.5,67.1,89.2,77.4,40.2,0.0,0.5,0.0,0.0,0.0,0.01999999999999957,0.010000000000001565,1004.6,1005.7,1005.2,1005.8,1005.7,1.5,1.7,0.8,1.9,2.0
4727,24.5,24.9,23.3,27.2,20.5,20.8,87.5,67.4,88.4,77.7,49.8,0.0,0.5,0.0,0.0,0.0,0.01999999999999957,0.0,1004.8,1006.1,1005.4,1005.9,1005.8,1.6,1.0,0.8,0.9,1.1
4728,24.0,24.7,23.2,27.0,20.2,21.0,87.2,68.5,88.8,77.1,51.9,0.0,0.5,0.0,0.0,0.0,0.0,0.0,1004.9,1006.1,1005.5,1006.0,1005.8,2.2,1.4,1.4,2.4,1.4
4729,24.0,24.5,23.1,26.7,19.9,20.9,86.7,69.1,85.9,77.7,55.5,0.0,0.0,0.0,0.0,0.0,0.010000000000001565,0.0,1005.0,1006.3,1005.7,1006.0,1005.9,2.2,1.0,0.7,2.2,1.0
4730,23.5,24.2,23.0,26.7,20.2,20.6,86.2,71.8,87.3,78.1,53.6,0.0,0.0,0.0,0.0,0.0,0.0,0.0,1005.1,1006.5,1005.8,1006.1,1006.0,1.4,1.0,0.3,0.0,1.0
4731,23.5,24.0,23.0,26.4,20.8,20.4,82.1,73.3,89.5,76.1,52.3,0.0,0.0,0.0,0.0,0.0,0.0,0.0,1005.3,1006.5,1005.7,1006.1,1006.1,1.0,1.3,0.7,1.4,0.5
4732,23.0,24.1,23.0,26.2,21.2,20.4,82.9,73.6,87.4,75.3,53.3,0.0,0.0,0.0,0.0,0.0,0.0,0.0,1005.4,1006.5,1006.0,1006.4,1006.3,1.2,1.5,1.8,0.3,2.0
4733,23.0,23.4,23.0,25.7,20.7,20.4,85.4,78.6,87.8,75.1,54.0,0.0,0.0,3.0,0.0,0.0,0.0,0.0,1005.6,1006.5,1006.5,1006.5,1006.5,1.5,0.4,0.9,2.2,1.0
4734,23.0,23.2,23.0,25.7,20.1,20.0,84.7,82.2,89.7,74.5,54.6,0.0,0.0,3.0,0.0,0.0,0.009999999999998009,0.0,1005.7,1007.1,1006.7,1006.6,1006.8,0.8,0.8,1.1,1.1,3.8
4735,23.0,22.0,22.8,25.7,19.3,19.8,91.4,86.0,91.3,76.4,54.8,0.0,0.0,0.5,0.0,0.0,0.0,0.0,1005.8,1007.2,1006.8,1006.7,1007.0,1.3,0.6,0.9,1.0,3.1
4736,23.0,21.7,22.6,25.5,19.1,19.8,92.6,86.1,91.7,80.0,56.4,0.0,0.0,0.0,0.0,0.0,0.0,0.0,1006.0,1007.4,1006.9,1006.9,1007.2,2.5,2.2,2.0,0.1,3.6
4737,23.0,21.6,22.5,25.5,18.8,19.9,93.2,85.5,88.5,79.9,56.8,0.0,0.0,1.0,0.0,0.0,0.0,0.0,1006.1,1007.6,1007.2,1007.1,1007.2,1.8,2.6,0.4,0.4,2.4
4738,23.0,21.5,22.5,25.2,18.8,19.9,93.9,85.1,89.3,79.6,56.2,0.0,0.0,0.5,0.0,0.0,0.0,0.0,1006.3,1007.6,1007.4,1007.2,1007.4,2.0,2.4,1.0,0.4,2.3
4739,23.0,21.3,22.4,25.0,18.6,19.9,93.6,85.8,87.9,79.4,55.4,0.0,0.0,0.0,0.0,0.0,0.0,0.0,1006.4,1007.6,1007.4,1007.3,1007.5,2.6,2.4,1.1,0.7,3.5
4740,23.0,21.1,22.3,24.7,18.7,19.7,93.4,86.4,87.0,78.6,56.0,0.0,0.0,0.0,0.0,0.0,0.0,0.0,1006.6,1007.8,1007.4,1007.5,1007.6,1.4,2.7,1.0,0.5,2.5
4741,22.5,21.0,22.2,24.6,18.5,19.8,93.6,86.9,86.7,78.5,55.7,0.0,0.0,0.0,0.0,0.0,0.0,0.0,1006.6,1007.8,1007.4,1007.6,1007.6,1.6,2.0,0.1,0.1,1.8
4742,22.5,20.9,22.2,24.5,18.5,19.6,93.6,86.8,89.2,79.0,56.0,0.0,0.0,0.0,0.0,0.0,0.0,0.0,1006.6,1007.7,1007.4,1007.6,1007.6,0.2,2.0,0.9,0.4,1.4
4743,22.0,20.8,22.0,24.2,18.2,19.5,94.0,87.1,88.8,79.4,56.5,0.0,0.0,0.0,0.0,0.0,0.0,0.0,1006.8,1007.3,1007.3,1007.4,1007.6,2.6,2.0,1.3,0.0,1.2
4744,22.0,20.5,21.9,24.3,18.0,19.7,94.5,88.0,89.7,80.4,56.4,0.0,0.0,0.0,0.0,0.0,0.0,0.0,1006.8,1007.7,1007.4,1007.4,1007.7,1.1,2.0,0.7,1.6,0.6
4745,22.0,20.2,21.7,24.2,17.8,19.6,94.7,92.1,88.6,81.5,56.4,0.0,0.0,0.0,0.0,0.0,0.0,0.0,1006.9,1007.7,1007.6,1007.5,1007.7,1.1,1.6,0.4,0.4,1.0
4746,22.0,20.1,21.7,24.1,17.7,19.5,95.2,90.8,88.6,82.1,56.9,0.0,0.0,0.0,0.0,0.0,0.0,0.0,1006.9,1007.4,1007.7,1007.5,1007.7,0.3,1.1,0.9,0.0,1.3
4747,21.5,19.9,21.7,23.8,17.7,19.1,95.3,89.7,89.9,82.3,58.6,0.0,0.0,0.0,0.0,0.0,0.0,0.0,1006.9,1007.5,1007.4,1007.5,1007.5,0.9,0.8,0.9,0.0,1.2
4748,21.5,19.9,21.6,23.6,17.7,19.2,95.6,90.1,91.3,82.5,59.1,0.0,0.0,0.0,0.0,0.0,0.0,0.0,1006.8,1007.5,1007.4,1007.5,1007.5,0.5,0.7,1.0,0.0,1.3
4749,21.5,19.7,21.4,23.6,17.8,19.2,95.9,90.8,90.2,83.0,58.9,0.0,0.0,0.0,0.0,0.0,0.0,0.0,1006.9,1007.4,1007.5,1007.6,1007.5,0.9,0.6,0.6,0.0,0.2
4750,21.5,19.4,21.3,23.3,17.7,19.3,95.9,91.5,90.1,83.2,59.8,0.0,0.0,0.0,0.0,0.0,0.0,0.0,1006.9,1007.6,1007.5,1007.6,1007.6,0.9,0.8,0.6,0.0,0.1
4751,21.0,19.1,21.2,23.2,17.7,19.5,96.2,93.0,89.6,84.0,59.5,0.0,0.0,0.0,0.0,0.0,0.0,0.0,1006.8,1007.5,1007.4,1007.6,1007.7,1.0,0.3,0.0,0.0,0.1
